Id;Marker;Active;NumVertices;Vertices;NumEdges;Edges
0;0;1;6;47;46;50;51;49;48;6;45;46;47;48;49;50
1;0;1;4;53;50;46;52;4;51;46;52;53
2;0;1;5;49;54;55;56;48;5;54;55;56;57;49
3;0;1;6;54;49;51;57;58;59;6;54;48;58;59;60;61
4;0;1;5;50;53;60;57;51;5;51;62;63;58;47
5;0;1;5;61;62;58;57;60;5;64;65;59;63;66
6;0;1;6;63;64;59;58;62;65;6;67;68;60;65;69;70
7;0;1;5;66;67;65;62;61;5;71;72;69;64;73
8;0;1;5;68;64;63;70;69;5;74;67;75;76;77
9;0;1;6;71;72;70;63;65;67;6;78;79;75;70;72;80
10;0;1;5;73;74;71;67;66;5;81;82;80;71;83
11;0;1;7;74;76;75;77;78;72;71;7;84;85;86;87;88;78;82
12;0;1;5;79;80;76;74;73;5;89;90;84;81;91
13;0;1;5;81;75;76;80;82;5;92;85;90;93;94
14;0;1;5;48;56;85;84;47;5;57;99;100;101;50
15;0;1;5;85;87;88;86;84;5;102;103;104;105;100
16;0;1;7;89;90;55;54;59;64;68;7;106;107;55;61;68;74;108
17;0;1;6;91;94;92;93;88;87;6;109;110;111;112;103;113
18;0;1;6;90;91;87;85;56;55;6;114;113;102;99;56;107
19;0;1;6;89;96;95;94;91;90;6;115;116;117;109;114;106
20;0;1;6;68;69;97;98;96;89;6;77;118;119;120;115;108
21;0;1;6;98;100;101;99;95;96;6;121;122;123;124;116;120
22;0;1;6;72;78;102;97;69;70;6;88;125;126;118;76;79
23;0;1;6;102;103;104;100;98;97;6;127;128;129;121;119;126
24;0;1;6;100;104;107;106;105;101;6;129;130;131;132;133;122
25;0;1;6;108;77;75;81;83;109;6;134;86;92;96;135;136
26;0;1;6;110;107;104;103;111;112;6;137;130;128;138;139;140
27;0;1;6;112;111;108;109;114;113;6;139;141;136;142;143;144
28;0;1;6;77;108;111;103;102;78;6;134;141;138;127;125;87
29;0;1;5;116;86;88;93;117;5;148;104;112;149;150
30;0;1;5;117;119;120;118;116;5;151;152;153;154;150
31;0;1;5;120;122;123;121;118;5;155;156;157;158;153
32;0;1;6;124;125;119;117;93;92;6;159;160;151;149;111;161
33;0;1;6;126;125;124;129;128;127;6;162;159;163;164;165;166
34;0;1;6;95;99;129;124;92;94;6;124;167;163;161;110;117
35;0;1;6;125;126;130;122;120;119;6;162;168;169;155;152;160
36;0;1;6;131;130;126;127;132;133;6;170;168;166;171;172;173
37;0;1;7;135;136;137;132;127;128;134;7;174;175;176;171;165;177;178
38;0;1;6;134;128;129;99;101;105;6;177;164;167;123;133;179
39;0;1;5;105;106;138;135;134;5;132;180;181;178;179
40;0;1;6;139;136;135;138;141;140;6;182;174;181;183;184;185
41;0;1;7;143;146;140;141;142;144;145;7;186;187;184;188;189;190;191
42;0;1;6;141;138;106;107;110;142;6;183;180;131;137;192;188
43;0;1;6;142;110;112;113;115;144;6;192;140;144;147;193;189
44;0;1;5;146;148;147;139;140;5;194;195;196;185;187
45;0;1;5;123;151;152;150;121;5;200;201;202;203;157
46;0;1;5;152;154;155;153;150;5;204;205;206;207;202
47;0;1;6;130;131;156;151;123;122;6;170;208;209;200;156;169
48;0;1;6;156;158;157;154;152;151;6;210;211;212;204;201;209
49;0;1;6;156;131;133;159;160;158;6;208;173;213;214;215;210
50;0;1;6;161;162;157;158;160;163;6;216;217;211;215;218;219
51;0;1;5;133;132;137;164;159;5;172;176;220;221;213
52;0;1;7;165;163;160;159;164;167;166;7;222;218;214;221;223;224;225
53;0;1;6;136;139;147;167;164;137;6;182;196;226;223;220;175
54;0;1;6;168;169;170;171;165;166;6;227;228;229;230;225;231
55;0;1;6;168;166;167;147;148;172;6;231;224;226;195;232;233
56;0;1;6;148;146;143;149;173;172;6;194;186;199;234;235;232
57;0;1;6;172;173;175;174;169;168;6;235;236;237;238;227;233
58;0;1;5;155;178;179;177;153;5;242;243;244;245;206
59;0;1;5;179;181;182;180;177;5;246;247;248;249;244
60;0;1;6;162;183;178;155;154;157;6;250;251;242;205;212;217
61;0;1;6;184;181;179;178;183;185;6;252;246;243;251;253;254
62;0;1;6;186;188;182;181;184;187;6;255;256;247;252;257;258
63;0;1;6;189;191;190;187;184;185;6;259;260;261;257;254;262
64;0;1;6;163;165;171;192;193;161;6;222;230;263;264;265;219
65;0;1;6;189;185;183;162;161;193;6;262;253;250;216;265;266
66;0;1;6;194;196;197;190;191;195;6;267;268;269;260;270;271
67;0;1;7;191;189;193;192;199;198;195;7;259;266;264;272;273;274;270
68;0;1;5;171;170;200;199;192;5;229;275;276;272;263
69;0;1;6;201;194;195;198;202;203;6;277;271;274;278;279;280
70;0;1;6;204;205;202;198;199;200;6;281;282;278;273;276;283
71;0;1;7;176;206;204;200;170;169;174;7;284;285;283;275;228;238;241
72;0;1;5;206;207;208;205;204;5;286;287;288;281;285
73;0;1;6;205;208;210;209;203;202;6;288;289;290;291;279;282
74;0;1;5;213;212;215;216;214;5;295;296;297;298;299
75;0;1;5;212;180;182;188;215;5;300;248;256;301;296
76;0;1;4;217;218;214;216;4;302;303;298;304
77;0;1;6;217;216;215;188;186;219;6;304;297;301;255;305;306
78;0;1;6;218;217;219;221;220;222;6;302;306;307;308;309;310
79;0;1;6;187;190;197;221;219;186;6;261;269;311;307;305;258
80;0;1;6;197;196;223;224;220;221;6;268;312;313;314;308;311
81;0;1;4;224;225;222;220;4;315;316;309;314
82;0;1;5;226;227;225;224;223;5;317;318;315;313;319
83;0;1;6;201;228;226;223;196;194;6;320;321;319;312;267;277
84;0;1;5;229;230;227;226;228;5;322;323;317;321;324
85;0;1;6;201;203;209;231;229;228;6;280;291;325;326;324;320
86;0;1;5;230;229;231;232;233;5;322;326;327;328;329
87;0;1;6;231;209;210;211;234;232;6;325;290;293;330;331;327
88;0;1;6;0;1;2;82;80;79;6;0;1;97;93;89;98
89;0;1;7;2;3;4;5;83;81;82;7;2;3;4;95;96;94;97
90;0;1;7;5;6;7;8;114;109;83;7;5;6;7;145;142;135;95
91;0;1;7;8;9;10;11;115;113;114;7;8;9;10;146;147;143;145
92;0;1;6;11;12;13;145;144;115;6;11;12;197;190;193;146
93;0;1;7;13;14;15;16;149;143;145;7;13;14;15;198;199;191;197
94;0;1;6;16;17;18;175;173;149;6;16;17;239;236;234;198
95;0;1;6;18;19;20;176;174;175;6;18;19;240;241;237;239
96;0;1;7;20;21;22;23;207;206;176;7;20;21;22;294;286;284;240
97;0;1;7;23;24;25;211;210;208;207;7;23;24;292;293;289;287;294
98;0;1;5;25;26;27;234;211;5;25;26;332;330;292
99;0;1;6;27;28;29;233;232;234;6;27;28;333;328;331;332
100;0;1;4;0;235;245;1;4;334;434;344;0
101;0;1;4;235;236;246;245;4;335;435;345;434
102;0;1;4;236;237;247;246;4;336;436;346;435
103;0;1;4;237;238;248;247;4;337;437;347;436
104;0;1;4;238;239;249;248;4;338;438;348;437
105;0;1;4;239;240;250;249;4;339;439;349;438
106;0;1;4;240;241;251;250;4;340;440;350;439
107;0;1;4;241;242;252;251;4;341;441;351;440
108;0;1;4;242;243;253;252;4;342;442;352;441
109;0;1;4;243;244;254;253;4;343;443;353;442
110;0;1;4;245;246;256;255;4;345;445;355;444
111;0;1;4;246;247;257;256;4;346;446;356;445
112;0;1;4;247;248;258;257;4;347;447;357;446
113;0;1;4;248;249;259;258;4;348;448;358;447
114;0;1;4;249;250;260;259;4;349;449;359;448
115;0;1;4;250;251;261;260;4;350;450;360;449
116;0;1;4;251;252;262;261;4;351;451;361;450
117;0;1;4;252;253;263;262;4;352;452;362;451
118;0;1;4;253;254;264;263;4;353;453;363;452
119;0;1;4;3;255;265;4;4;354;454;364;3
120;0;1;4;255;256;266;265;4;355;455;365;454
121;0;1;4;256;257;267;266;4;356;456;366;455
122;0;1;4;257;258;268;267;4;357;457;367;456
123;0;1;4;258;259;269;268;4;358;458;368;457
124;0;1;4;259;260;270;269;4;359;459;369;458
125;0;1;4;260;261;271;270;4;360;460;370;459
126;0;1;4;261;262;272;271;4;361;461;371;460
127;0;1;4;262;263;273;272;4;362;462;372;461
128;0;1;4;263;264;274;273;4;363;463;373;462
129;0;1;4;265;266;276;275;4;365;465;375;464
130;0;1;4;266;267;277;276;4;366;466;376;465
131;0;1;4;267;268;278;277;4;367;467;377;466
132;0;1;4;268;269;279;278;4;368;468;378;467
133;0;1;4;269;270;280;279;4;369;469;379;468
134;0;1;4;270;271;281;280;4;370;470;380;469
135;0;1;4;271;272;282;281;4;371;471;381;470
136;0;1;4;272;273;283;282;4;372;472;382;471
137;0;1;4;273;274;284;283;4;373;473;383;472
138;0;1;4;6;275;285;7;4;374;474;384;6
139;0;1;4;275;276;286;285;4;375;475;385;474
140;0;1;4;276;277;287;286;4;376;476;386;475
141;0;1;4;277;278;288;287;4;377;477;387;476
142;0;1;4;278;279;289;288;4;378;478;388;477
143;0;1;4;279;280;290;289;4;379;479;389;478
144;0;1;4;280;281;291;290;4;380;480;390;479
145;0;1;4;281;282;292;291;4;381;481;391;480
146;0;1;4;282;283;293;292;4;382;482;392;481
147;0;1;4;283;284;294;293;4;383;483;393;482
148;0;1;4;285;286;296;295;4;385;485;395;484
149;0;1;4;286;287;297;296;4;386;486;396;485
150;0;1;4;287;288;298;297;4;387;487;397;486
151;0;1;4;288;289;299;298;4;388;488;398;487
152;0;1;4;289;290;300;299;4;389;489;399;488
153;0;1;4;290;291;301;300;4;390;490;400;489
154;0;1;4;291;292;302;301;4;391;491;401;490
155;0;1;4;292;293;303;302;4;392;492;402;491
156;0;1;4;293;294;304;303;4;393;493;403;492
157;0;1;4;9;295;305;10;4;394;494;404;9
158;0;1;4;295;296;306;305;4;395;495;405;494
159;0;1;4;296;297;307;306;4;396;496;406;495
160;0;1;4;297;298;308;307;4;397;497;407;496
161;0;1;4;298;299;309;308;4;398;498;408;497
162;0;1;4;299;300;310;309;4;399;499;409;498
163;0;1;4;300;301;311;310;4;400;500;410;499
164;0;1;4;301;302;312;311;4;401;501;411;500
165;0;1;4;302;303;313;312;4;402;502;412;501
166;0;1;4;303;304;314;313;4;403;503;413;502
167;0;1;4;305;306;316;315;4;405;505;415;504
168;0;1;4;306;307;317;316;4;406;506;416;505
169;0;1;4;307;308;318;317;4;407;507;417;506
170;0;1;4;308;309;319;318;4;408;508;418;507
171;0;1;4;309;310;320;319;4;409;509;419;508
172;0;1;4;310;311;321;320;4;410;510;420;509
173;0;1;4;311;312;322;321;4;411;511;421;510
174;0;1;4;312;313;323;322;4;412;512;422;511
175;0;1;4;313;314;324;323;4;413;513;423;512
176;0;1;4;315;316;326;325;4;415;515;425;514
177;0;1;4;316;317;327;326;4;416;516;426;515
178;0;1;4;317;318;328;327;4;417;517;427;516
179;0;1;4;318;319;329;328;4;418;518;428;517
180;0;1;4;319;320;330;329;4;419;519;429;518
181;0;1;4;320;321;331;330;4;420;520;430;519
182;0;1;4;321;322;332;331;4;421;521;431;520
183;0;1;4;322;323;333;332;4;422;522;432;521
184;0;1;4;323;324;334;333;4;423;523;433;522
185;0;1;4;14;325;30;15;4;424;524;29;14
186;0;1;4;328;329;37;36;4;428;528;36;527
187;0;1;4;329;330;38;37;4;429;529;37;528
188;0;1;4;333;334;45;44;4;433;533;44;532
189;0;1;5;1;245;255;3;2;5;344;444;354;2;1
190;0;1;5;4;265;275;6;5;5;364;464;374;5;4
191;0;1;5;7;285;295;9;8;5;384;484;394;8;7
192;0;1;5;10;305;315;12;11;5;404;504;414;11;10
193;0;1;5;12;315;325;14;13;5;414;514;424;13;12
194;0;1;5;325;326;32;31;30;5;425;525;31;30;524
195;0;1;5;326;327;34;33;32;5;426;526;33;32;525
196;0;1;5;327;328;36;35;34;5;427;527;35;34;526
197;0;1;5;330;331;40;39;38;5;430;530;39;38;529
198;0;1;5;331;332;42;41;40;5;431;531;41;40;530
199;0;1;5;332;333;44;43;42;5;432;532;43;42;531
200;0;1;3;347;349;345;3;534;535;536
201;0;1;3;378;356;373;3;539;540;541
202;0;1;3;403;401;402;3;542;543;544
203;0;1;3;354;384;386;3;545;546;547
204;0;1;3;344;339;341;3;548;549;550
205;0;1;3;346;343;347;3;551;552;553
206;0;1;3;346;338;341;3;554;555;556
207;0;1;3;395;384;354;3;557;545;558
208;0;1;3;41;340;385;3;559;560;561
209;0;1;3;340;386;385;3;562;563;560
210;0;1;3;344;45;342;3;564;566;567
211;0;1;3;343;337;347;3;569;570;552
212;0;1;3;338;340;341;3;571;572;555
213;0;1;3;43;344;340;3;565;573;568
214;0;1;3;340;344;341;3;573;550;572
215;0;1;3;341;339;343;3;549;574;575
216;0;1;3;339;344;342;3;548;567;576
217;0;1;3;348;366;369;3;577;578;579
218;0;1;3;345;353;354;3;580;581;582
219;0;1;3;343;346;341;3;551;556;575
220;0;1;3;354;346;345;3;583;584;582
221;0;1;3;349;347;337;3;534;570;585
222;0;1;3;346;347;345;3;553;536;584
223;0;1;3;360;372;356;3;586;587;588
224;0;1;3;369;370;348;3;589;590;579
225;0;1;3;345;349;353;3;535;591;580
226;0;1;3;368;335;367;3;592;593;594
227;0;1;3;349;337;350;3;585;595;596
228;0;1;3;354;353;357;3;581;597;598
229;0;1;3;361;360;352;3;599;600;601
230;0;1;3;362;353;349;3;602;591;603
231;0;1;3;353;352;357;3;604;605;597
232;0;1;3;358;388;395;3;606;607;608
233;0;1;3;346;354;338;3;583;609;554
234;0;1;3;355;365;367;3;612;613;614
235;0;1;3;357;360;336;3;615;616;617
236;0;1;3;360;357;352;3;615;605;600
237;0;1;3;395;357;336;3;618;617;619
238;0;1;3;391;392;405;3;620;621;622
239;0;1;3;389;37;387;3;623;624;625
240;0;1;3;364;361;359;3;626;627;628
241;0;1;3;359;361;362;3;627;629;630
242;0;1;3;362;352;353;3;631;604;602
243;0;1;3;402;401;408;3;543;632;633
244;0;1;3;364;365;363;3;634;635;636
245;0;1;3;360;361;372;3;599;637;586
246;0;1;3;349;370;362;3;638;639;603
247;0;1;3;352;362;361;3;631;629;601
248;0;1;3;351;373;371;3;640;641;642
249;0;1;3;363;373;372;3;643;644;645
250;0;1;3;365;364;359;3;634;628;646
251;0;1;3;372;364;363;3;647;636;645
252;0;1;3;365;359;368;3;646;648;649
253;0;1;3;355;363;365;3;650;635;612
254;0;1;3;367;365;368;3;613;649;594
255;0;1;3;366;368;369;3;651;652;578
256;0;1;3;368;359;369;3;648;653;652
257;0;1;3;368;366;335;3;651;654;592
258;0;1;3;362;369;359;3;655;653;630
259;0;1;3;350;370;349;3;656;638;596
260;0;1;3;348;370;350;3;590;656;657
261;0;1;3;362;370;369;3;639;589;655
262;0;1;3;364;372;361;3;647;637;626
263;0;1;3;363;355;371;3;650;658;659
264;0;1;3;363;371;373;3;659;641;643
265;0;1;3;375;374;377;3;660;661;662
266;0;1;3;356;372;373;3;587;644;540
267;0;1;3;375;377;378;3;662;665;666
268;0;1;3;351;375;378;3;667;666;668
269;0;1;3;379;382;376;3;669;670;671
270;0;1;3;379;377;374;3;672;661;673
271;0;1;3;378;377;376;3;665;674;675
272;0;1;3;378;376;404;3;675;676;677
273;0;1;3;379;376;377;3;671;674;672
274;0;1;3;378;373;351;3;541;640;668
275;0;1;3;397;29;28;3;678;28;679
276;0;1;3;383;381;382;3;680;681;682
277;0;1;3;401;407;392;3;683;684;685
278;0;1;3;379;374;380;3;673;686;687
279;0;1;3;403;376;382;3;688;670;689
280;0;1;3;383;382;379;3;682;669;690
281;0;1;3;402;356;404;3;691;692;693
282;0;1;3;383;379;397;3;690;694;695
283;0;1;3;389;387;388;3;625;698;699
284;0;1;3;386;340;338;3;562;571;701
285;0;1;3;387;385;384;3;702;703;704
286;0;1;3;354;386;338;3;547;701;609
287;0;1;3;384;385;386;3;703;563;546
288;0;1;3;388;387;384;3;698;704;705
289;0;1;3;395;388;384;3;607;705;557
290;0;1;3;391;389;358;3;708;709;710
291;0;1;3;406;405;400;3;711;712;713
292;0;1;3;389;388;358;3;699;606;709
293;0;1;3;35;389;393;3;707;714;715
294;0;1;3;391;396;392;3;716;717;620
295;0;1;3;387;39;385;3;706;700;702
296;0;1;3;391;393;389;3;718;714;708
297;0;1;3;391;358;396;3;710;720;716
298;0;1;3;393;391;390;3;718;721;722
299;0;1;3;381;398;401;3;723;724;725
300;0;1;3;381;399;398;3;726;727;723
301;0;1;3;394;390;406;3;730;731;732
302;0;1;3;390;394;393;3;730;733;722
303;0;1;3;31;393;394;3;538;733;734
304;0;1;3;31;394;17;3;734;728;719
305;0;1;3;357;395;354;3;618;558;598
306;0;1;3;336;408;396;3;735;736;737
307;0;1;3;358;395;396;3;608;738;720
308;0;1;3;336;396;395;3;737;738;619
309;0;1;3;29;397;380;3;678;739;740
310;0;1;3;380;397;379;3;739;694;687
311;0;1;3;383;397;28;3;695;679;664
312;0;1;3;400;398;22;3;741;610;742
313;0;1;3;383;399;381;3;743;726;680
314;0;1;3;398;407;401;3;744;683;724
315;0;1;3;26;399;383;3;697;743;663
316;0;1;3;398;399;24;3;727;696;611
317;0;1;3;391;405;390;3;622;747;721
318;0;1;3;392;408;401;3;748;632;685
319;0;1;3;336;360;402;3;616;749;750
320;0;1;3;360;356;402;3;588;691;749
321;0;1;3;402;404;403;3;693;751;544
322;0;1;3;382;381;403;3;681;752;689
323;0;1;3;401;403;381;3;542;752;725
324;0;1;3;378;404;356;3;677;692;539
325;0;1;3;376;403;404;3;688;751;676
326;0;1;3;407;405;392;3;753;621;684
327;0;1;3;400;22;21;3;742;21;754
328;0;1;3;400;21;406;3;754;745;713
329;0;1;3;394;406;19;3;732;746;729
330;0;1;3;390;405;406;3;747;711;731
331;0;1;3;398;400;407;3;741;755;744
332;0;1;3;407;400;405;3;755;712;753
333;0;1;3;396;408;392;3;736;748;717
334;0;1;3;402;408;336;3;633;735;750
335;0;1;4;19;18;17;394;4;18;17;728;729
336;0;1;4;406;21;20;19;4;745;20;19;746
337;0;1;4;22;398;24;23;4;610;611;23;22
338;0;1;4;26;25;24;399;4;25;24;696;697
339;0;1;4;28;27;26;383;4;27;26;663;664
340;0;1;5;15;30;31;17;16;5;29;30;719;16;15
341;0;1;4;31;32;33;393;4;31;32;537;538
342;0;1;4;393;33;34;35;4;537;33;34;715
343;0;1;4;37;389;35;36;4;623;707;35;36
344;0;1;4;39;387;37;38;4;706;624;37;38
345;0;1;4;385;39;40;41;4;700;39;40;561
346;0;1;4;41;42;43;340;4;41;42;568;559
347;0;1;4;45;344;43;44;4;564;565;43;44
