Id;Marker;Active;Origin;End
0;9;1;0;1
1;9;1;1;2
2;9;1;2;3
3;9;1;3;4
4;9;1;4;5
5;9;1;5;6
6;9;1;6;7
7;9;1;7;8
8;9;1;8;9
9;9;1;9;10
10;9;1;10;11
11;9;1;11;12
12;9;1;12;13
13;9;1;13;14
14;9;1;14;15
15;9;1;15;16
16;14;1;8;17
17;14;1;17;18
18;14;1;18;19
19;14;1;19;20
20;14;1;20;21
21;14;1;21;22
22;14;1;22;23
23;14;1;23;24
24;8;1;25;26
25;8;1;26;27
26;8;1;27;28
27;8;1;28;29
28;8;1;29;30
29;8;1;30;31
30;8;1;31;32
31;8;1;32;0
32;0;1;33;34
33;0;1;34;35
34;0;1;35;36
35;0;1;36;37
36;0;1;37;38
37;0;1;38;39
38;0;1;39;40
39;0;1;40;1
40;0;1;41;42
41;0;1;42;43
42;0;1;43;44
43;0;1;44;45
44;0;1;45;46
45;0;1;46;47
46;0;1;47;48
47;0;1;48;2
48;0;1;49;50
49;0;1;50;51
50;0;1;51;52
51;0;1;52;53
52;0;1;53;54
53;0;1;54;55
54;0;1;55;56
55;0;1;56;3
56;0;1;57;58
57;0;1;58;59
58;0;1;59;60
59;0;1;60;61
60;0;1;61;62
61;0;1;62;63
62;0;1;63;64
63;0;1;64;4
64;0;1;65;66
65;0;1;66;67
66;0;1;67;68
67;0;1;68;69
68;0;1;69;70
69;0;1;70;71
70;0;1;71;72
71;0;1;72;5
72;0;1;73;74
73;0;1;74;75
74;0;1;75;76
75;0;1;76;77
76;0;1;77;78
77;0;1;78;79
78;0;1;79;80
79;0;1;80;6
80;0;1;81;82
81;0;1;82;83
82;0;1;83;84
83;0;1;84;85
84;0;1;85;86
85;0;1;86;87
86;0;1;87;88
87;0;1;88;7
88;0;1;89;90
89;0;1;90;91
90;0;1;91;92
91;0;1;92;93
92;0;1;93;94
93;0;1;94;95
94;0;1;95;96
95;0;1;96;8
96;0;1;97;98
97;0;1;98;99
98;0;1;99;100
99;0;1;100;101
100;0;1;101;102
101;0;1;102;103
102;0;1;103;104
103;0;1;104;9
104;0;1;105;106
105;0;1;106;107
106;0;1;107;108
107;0;1;108;109
108;0;1;109;110
109;0;1;110;111
110;0;1;111;112
111;0;1;112;10
112;0;1;113;114
113;0;1;114;115
114;0;1;115;116
115;0;1;116;117
116;0;1;117;118
117;0;1;118;119
118;0;1;119;120
119;0;1;120;11
120;0;1;121;122
121;0;1;122;123
122;0;1;123;124
123;0;1;124;125
124;0;1;125;126
125;0;1;126;127
126;0;1;127;128
127;0;1;128;12
128;0;1;129;130
129;0;1;130;131
130;0;1;131;132
131;0;1;132;133
132;0;1;133;134
133;0;1;134;135
134;0;1;135;136
135;0;1;136;13
136;0;1;137;138
137;0;1;138;139
138;0;1;139;140
139;0;1;140;141
140;0;1;141;142
141;0;1;142;143
142;0;1;143;144
143;0;1;144;14
144;0;1;145;146
145;0;1;146;147
146;0;1;147;148
147;0;1;148;149
148;0;1;149;150
149;0;1;150;151
150;0;1;151;152
151;0;1;152;15
152;10;1;153;154
153;10;1;154;155
154;10;1;155;156
155;10;1;156;157
156;10;1;157;158
157;10;1;158;159
158;10;1;159;160
159;10;1;160;16
160;11;1;25;33
161;0;1;26;34
162;0;1;27;35
163;0;1;28;36
164;0;1;29;37
165;0;1;30;38
166;0;1;31;39
167;0;1;32;40
168;11;1;33;41
169;0;1;34;42
170;0;1;35;43
171;0;1;36;44
172;0;1;37;45
173;0;1;38;46
174;0;1;39;47
175;0;1;40;48
176;11;1;41;49
177;0;1;42;50
178;0;1;43;51
179;0;1;44;52
180;0;1;45;53
181;0;1;46;54
182;0;1;47;55
183;0;1;48;56
184;11;1;49;57
185;0;1;50;58
186;0;1;51;59
187;0;1;52;60
188;0;1;53;61
189;0;1;54;62
190;0;1;55;63
191;0;1;56;64
192;11;1;57;65
193;0;1;58;66
194;0;1;59;67
195;0;1;60;68
196;0;1;61;69
197;0;1;62;70
198;0;1;63;71
199;0;1;64;72
200;11;1;65;73
201;0;1;66;74
202;0;1;67;75
203;0;1;68;76
204;0;1;69;77
205;0;1;70;78
206;0;1;71;79
207;0;1;72;80
208;11;1;73;81
209;0;1;74;82
210;0;1;75;83
211;0;1;76;84
212;0;1;77;85
213;0;1;78;86
214;0;1;79;87
215;0;1;80;88
216;11;1;81;89
217;0;1;82;90
218;0;1;83;91
219;0;1;84;92
220;0;1;85;93
221;0;1;86;94
222;0;1;87;95
223;0;1;88;96
224;11;1;89;97
225;0;1;90;98
226;0;1;91;99
227;0;1;92;100
228;0;1;93;101
229;0;1;94;102
230;0;1;95;103
231;0;1;96;104
232;11;1;97;105
233;0;1;98;106
234;0;1;99;107
235;0;1;100;108
236;0;1;101;109
237;0;1;102;110
238;0;1;103;111
239;0;1;104;112
240;11;1;105;113
241;0;1;106;114
242;0;1;107;115
243;0;1;108;116
244;0;1;109;117
245;0;1;110;118
246;0;1;111;119
247;0;1;112;120
248;11;1;113;121
249;0;1;114;122
250;0;1;115;123
251;0;1;116;124
252;0;1;117;125
253;0;1;118;126
254;0;1;119;127
255;0;1;120;128
256;11;1;121;129
257;0;1;122;130
258;0;1;123;131
259;0;1;124;132
260;0;1;125;133
261;0;1;126;134
262;0;1;127;135
263;0;1;128;136
264;11;1;129;137
265;0;1;130;138
266;0;1;131;139
267;0;1;132;140
268;0;1;133;141
269;0;1;134;142
270;0;1;135;143
271;0;1;136;144
272;11;1;137;145
273;0;1;138;146
274;0;1;139;147
275;0;1;140;148
276;0;1;141;149
277;0;1;142;150
278;0;1;143;151
279;0;1;144;152
280;11;1;145;153
281;0;1;146;154
282;0;1;147;155
283;0;1;148;156
284;0;1;149;157
285;0;1;150;158
286;0;1;151;159
287;0;1;152;160
288;12;1;0;161
289;12;1;161;162
290;12;1;162;163
291;12;1;163;164
292;12;1;164;165
293;12;1;165;166
294;12;1;166;167
295;12;1;167;168
296;0;1;1;169
297;0;1;169;170
298;0;1;170;171
299;0;1;171;172
300;0;1;172;173
301;0;1;173;174
302;0;1;174;175
303;0;1;175;176
304;0;1;2;177
305;0;1;177;178
306;0;1;178;179
307;0;1;179;180
308;0;1;180;181
309;0;1;181;182
310;0;1;182;183
311;0;1;183;184
312;0;1;3;185
313;0;1;185;186
314;0;1;186;187
315;0;1;187;188
316;0;1;188;189
317;0;1;189;190
318;0;1;190;191
319;0;1;191;192
320;0;1;4;193
321;0;1;193;194
322;0;1;194;195
323;0;1;195;196
324;0;1;196;197
325;0;1;197;198
326;0;1;198;199
327;0;1;199;200
328;0;1;5;201
329;0;1;201;202
330;0;1;202;203
331;0;1;203;204
332;0;1;204;205
333;0;1;205;206
334;0;1;206;207
335;0;1;207;208
336;0;1;6;209
337;0;1;209;210
338;0;1;210;211
339;0;1;211;212
340;0;1;212;213
341;0;1;213;214
342;0;1;214;215
343;0;1;215;216
344;0;1;7;217
345;0;1;217;218
346;0;1;218;219
347;0;1;219;220
348;0;1;220;221
349;0;1;221;222
350;0;1;222;223
351;0;1;223;224
352;0;1;161;169
353;0;1;162;170
354;0;1;163;171
355;0;1;164;172
356;0;1;165;173
357;0;1;166;174
358;0;1;167;175
359;13;1;168;176
360;0;1;169;177
361;0;1;170;178
362;0;1;171;179
363;0;1;172;180
364;0;1;173;181
365;0;1;174;182
366;0;1;175;183
367;13;1;176;184
368;0;1;177;185
369;0;1;178;186
370;0;1;179;187
371;0;1;180;188
372;0;1;181;189
373;0;1;182;190
374;0;1;183;191
375;13;1;184;192
376;0;1;185;193
377;0;1;186;194
378;0;1;187;195
379;0;1;188;196
380;0;1;189;197
381;0;1;190;198
382;0;1;191;199
383;13;1;192;200
384;0;1;193;201
385;0;1;194;202
386;0;1;195;203
387;0;1;196;204
388;0;1;197;205
389;0;1;198;206
390;0;1;199;207
391;13;1;200;208
392;0;1;201;209
393;0;1;202;210
394;0;1;203;211
395;0;1;204;212
396;0;1;205;213
397;0;1;206;214
398;0;1;207;215
399;13;1;208;216
400;0;1;209;217
401;0;1;210;218
402;0;1;211;219
403;0;1;212;220
404;0;1;213;221
405;0;1;214;222
406;0;1;215;223
407;13;1;216;224
408;0;1;217;17
409;0;1;218;18
410;0;1;219;19
411;0;1;220;20
412;0;1;221;21
413;0;1;222;22
414;0;1;223;23
415;13;1;224;24
416;0;1;9;225
417;0;1;225;226
418;0;1;226;227
419;0;1;227;228
420;0;1;228;229
421;0;1;229;230
422;0;1;230;231
423;0;1;231;232
424;0;1;10;233
425;0;1;233;234
426;0;1;234;235
427;0;1;235;236
428;0;1;236;237
429;0;1;237;238
430;0;1;238;239
431;0;1;239;240
432;0;1;11;241
433;0;1;241;242
434;0;1;242;243
435;0;1;243;244
436;0;1;244;245
437;0;1;245;246
438;0;1;246;247
439;0;1;247;248
440;0;1;12;249
441;0;1;249;250
442;0;1;250;251
443;0;1;251;252
444;0;1;252;253
445;0;1;253;254
446;0;1;254;255
447;0;1;255;256
448;0;1;13;257
449;0;1;257;258
450;0;1;258;259
451;0;1;259;260
452;0;1;260;261
453;0;1;261;262
454;0;1;262;263
455;0;1;263;264
456;0;1;14;265
457;0;1;265;266
458;0;1;266;267
459;0;1;267;268
460;0;1;268;269
461;0;1;269;270
462;0;1;270;271
463;0;1;271;272
464;0;1;15;273
465;0;1;273;274
466;0;1;274;275
467;0;1;275;276
468;0;1;276;277
469;0;1;277;278
470;0;1;278;279
471;0;1;279;280
472;16;1;16;281
473;16;1;281;282
474;16;1;282;283
475;16;1;283;284
476;16;1;284;285
477;16;1;285;286
478;16;1;286;287
479;16;1;287;288
480;0;1;17;225
481;0;1;18;226
482;0;1;19;227
483;0;1;20;228
484;0;1;21;229
485;0;1;22;230
486;0;1;23;231
487;15;1;24;232
488;0;1;225;233
489;0;1;226;234
490;0;1;227;235
491;0;1;228;236
492;0;1;229;237
493;0;1;230;238
494;0;1;231;239
495;15;1;232;240
496;0;1;233;241
497;0;1;234;242
498;0;1;235;243
499;0;1;236;244
500;0;1;237;245
501;0;1;238;246
502;0;1;239;247
503;15;1;240;248
504;0;1;241;249
505;0;1;242;250
506;0;1;243;251
507;0;1;244;252
508;0;1;245;253
509;0;1;246;254
510;0;1;247;255
511;15;1;248;256
512;0;1;249;257
513;0;1;250;258
514;0;1;251;259
515;0;1;252;260
516;0;1;253;261
517;0;1;254;262
518;0;1;255;263
519;15;1;256;264
520;0;1;257;265
521;0;1;258;266
522;0;1;259;267
523;0;1;260;268
524;0;1;261;269
525;0;1;262;270
526;0;1;263;271
527;15;1;264;272
528;0;1;265;273
529;0;1;266;274
530;0;1;267;275
531;0;1;268;276
532;0;1;269;277
533;0;1;270;278
534;0;1;271;279
535;15;1;272;280
536;0;1;273;281
537;0;1;274;282
538;0;1;275;283
539;0;1;276;284
540;0;1;277;285
541;0;1;278;286
542;0;1;279;287
543;15;1;280;288
