;;;;;
0;1;1;0;0;0
1;1;1;1;0;0
2;1;1;1;1;0
3;1;1;0;1;0
4;1;1;0;0;1
5;1;1;1;0;1
6;1;1;1;1;1
7;1;1;0;1;1
8;1;1;1;0.398375955397988;0
9;1;1;0;0.854384633402506;0
10;1;1;1;0.466750141519044;1
11;1;1;0;0.922758819523562;1
12;1;1;1;0.272580347022996;0
13;1;1;0;0.787210394468285;0
14;1;1;1;0.00141018885102432;1
15;1;1;0;0.516040236296314;1
16;1;1;1;0.484434163203347;0
17;1;1;1;0.730272977827284;1
18;1;1;0.856777346265203;0.463686728387891;0
19;1;1;0.561431258002141;0.666741293771592;1
20;1;1;0;0.585411573053475;1
21;1;1;0.678761846772249;0.437899153059831;0
22;1;1;0;0.552425361798703;0.865821793416831
23;1;1;0;0.339572758429538;0
24;1;1;1;0.370096957770531;0
25;1;1;1;0.167643131963536;1
26;1;1;0.69141808576456;0.160215714014767;1
27;1;1;0.818977743816641;0.365739839311291;0
28;1;1;0;0.346027439739408;0
29;1;1;0.0534363812332875;0.347313627681021;0
30;1;1;0;0.343112435548637;0.0143983655490427
31;1;1;0;0.143573613932412;1
32;1;1;1;0.433564341652632;0.514644316092378
33;1;1;1;0.4695736374717;0
34;1;1;0.892324585689728;0.468836151426759;0
35;0;1;0.851509316168446;0.467308572740109;0.0178368033507358
36;1;1;0.846178078095367;0.468520086653833;0
37;1;1;0.62224133201851;0.466986308249179;0
38;0;1;0.567466523826121;0.456677803403837;0.141967195961818
39;1;1;1;0.399604350542658;1
40;1;1;0.236414114531449;0.394374429318258;1
41;1;1;0;0.435439434103548;0.389957443541448
42;1;1;0;0.392755191431773;1
43;1;1;0;0.462724478360816;0
44;1;1;1;0.920147655027399;0
45;1;1;1;0.618982056776531;0.547301262329158
46;0;1;0.699968242254875;0.571495179992181;0.530933404036351
47;1;1;0.190174026593633;0.767663626944747;0
48;1;1;1;0.456043175741863;0.843406314800959
49;1;1;0.0787499175775613;0.746683320649032;0
50;0;1;0.280476674545883;0.505101060457699;0.508048564821694
51;1;1;1;0.403935411061721;0.93810054798106
52;0;1;0.354395272547349;0.416578237587092;0.694212453998645
53;1;1;1;0.369873758400169;1
54;1;1;0.475811873729568;0.271173149143834;1
55;1;1;0;0.460709222123175;0.492747509700374
56;1;1;0;0.731855314339363;0
57;1;1;0;0.423518332294741;0.560333651904077
58;1;1;0.0451621669979989;1;0
59;1;1;0;1;0.0444207501003509
60;1;1;0;0.883642547922882;0.427908779324629
61;0;1;0.649141872212938;0.606439020080235;0.703024290158623
62;0;1;0.852084366826599;0.595571030224631;0.539231909467086
63;1;1;0.57860173098879;0.840801588593391;0
64;1;1;1;0.953632414754685;1
65;1;1;0.523504743575745;0.684036113476493;1
66;1;1;1;0.95818824520717;0
67;1;1;0.899229627955506;0.901173365803137;0
68;0;1;0.497728186476453;0.671097316897119;0.638853027632229
69;0;1;0.661873909290677;0.766131828595665;0.164189640682857
70;0;1;0.473166489227735;0.658768331178773;0.294727062189334
71;1;1;0.469365152149232;0.653404468345686;1
72;0;1;0.221484809404661;0.515054646819671;0.583297995408376
73;0;1;0.255547327364271;0.534955741749055;0.445264037633025
74;1;1;0.452130596562148;0.648209157778806;0
75;1;1;0.118655623427772;0.454976487182029;1
76;1;1;0.365424741031762;0.599151842653427;0
77;0;1;0.173241770258496;0.488128688182353;0.502198498380029
78;1;1;0.00878962607799882;0.392815392979307;1
79;0;1;0.0576935885310071;0.422388523294888;0.582128379766978
80;0;1;0.0845055171360471;0.43860219226723;0.353027434040421
81;1;1;0.125820695155476;0.463586244321378;0
82;1;1;0;0.391437003272058;0.210968495442258
83;1;1;0;0.387842309515624;1
84;1;1;0;0.392398139968109;0
85;1;1;1;0.52161240047625;1
86;1;1;0.575475929484277;0.668775824612081;1
87;1;1;1;0.461182323007266;0.834067061572881
88;0;1;0.979540600257617;0.463915938024658;0.82209854312357
89;0;1;0.569168387229706;0.661421909242547;0.973803176899798
90;1;1;1;0.674898601552961;0.774753322175631
91;1;1;1;0.913162416635026;1
92;1;1;0.925444552483733;0.911449680258311;1
93;0;1;0.508291420590969;0.676399636244949;0.786851071132551
94;0;1;0.643751894288966;0.61014470526881;0.721273991570517
95;1;1;0.0679965025275299;0.891751824297052;1
96;1;1;0;0.890189764283358;1
97;1;1;0;0.592384242101841;0.718464574715073
98;0;1;0.169169745538451;0.523881669070583;0.650030565358727
99;0;1;0.27020381411471;0.542246256819604;0.665197619636771
100;1;1;1;0.555785188193584;0.662147467047022
101;0;1;0.806896058294741;0.530349433406252;0.64229510178057
102;1;1;1;0.435900565927565;0.548812536695347
103;0;1;0.313646107607798;0.465378285309824;0.591585737164684
104;0;1;0.208992595080039;0.507756045364331;0.633921081659669
105;1;1;1;0.431466888463024;0.544621085638926
106;0;1;0.408850831762971;0.426826660439772;0.553072698306193
107;1;1;0;0;0.423968097067125
108;1;1;1;0;0.423968097067125
109;1;1;1;0.157612851081434;0.423968097067125
110;0;1;0.764896518329767;0.278604167007939;0.423968097067125
111;1;1;0;0.260193476468057;0.423968097067125
112;1;1;1;1;0.527779876104558
113;1;1;0;1;0.527779876104558
114;1;1;0;0.890471152882227;0.527779876104558
115;0;1;0.235648330212838;0.783013469347898;0.527779876104558
116;0;1;0.53613894922759;0.693335776842581;0.527779876104558
117;1;1;1;0.955783769575404;0.527779876104558
118;1;1;0.468175737033242;0;1
119;1;1;0.468175737033242;0.154842378276668;1
120;1;1;0.468175737033242;0;0.423968097067125
121;0;1;0.468175737033242;0.271462240812313;0.423968097067125
122;1;1;0.490001118265905;0;0
123;1;1;0.490001118265905;0.35782153049078;0
124;1;1;0.490001118265905;0;0.423968097067125
125;0;1;0.490001118265905;0.271987567219429;0.423968097067125
126;1;1;1;0.24968575891624;0.594758821545224
127;1;1;1;0.427958786833423;0.594758821545224
128;0;1;0.392767190825833;0.42379975270604;0.594758821545224
129;0;1;0.743110511916873;0.243502552750818;0.594758821545224
130;1;1;0.475358935091663;1;1
131;1;1;0.476340989496016;0.901132580235899;1
132;0;1;0.480691345013938;0.689899080417641;0.800212403059297
133;0;1;0.482705124512613;0.677512626020806;0.632486041394871
134;1;1;0.48068217409424;1;0.527779876104558
135;0;1;0.483572455461322;0.709023593918237;0.527779876104558
136;1;1;0.513356486741421;1;0
137;1;1;0.513356486741421;0.860273221252788;0
138;1;1;0.513356486741421;1;0.527779876104558
139;0;1;0.513356486741421;0.700134919764404;0.527779876104558
140;0;1;0.488721228933563;0.66657618589434;0.512659469884014
141;0;1;0.236872786946482;0.524045103784542;0.520940202459116
142;1;1;0;0.644782448065705;0.525234588358559
143;1;1;0;0.890067140094167;0.521871026420483
144;0;1;0.212266142009966;0.792998382255181;0.517870173885041
145;0;1;0.839929050253754;0.596221972539383;0.549042315332628
146;1;1;1;0.619410075183102;0.549042315332628
147;0;1;0.52878607864215;0.689078727352106;0.549042315332628
148;1;1;1;0.955686901507275;0.549042315332628
149;1;1;0.732490004891984;0;0
150;1;1;0.732490004891984;0.363658121119773;0
151;1;1;0.732490004891984;0;0.423968097067125
152;0;1;0.732490004891984;0.277824157848422;0.423968097067125
153;1;1;0.249102180024234;0;0.423968097067125
154;0;1;0.243668856999085;0.26605846841522;0.423968097067125
155;1;1;0.250317389791694;0;0
156;1;1;0.24313146940112;0.351879497026092;0
157;1;1;0;0;0.711984048533562
158;1;1;0;0.201883545200235;0.711984048533562
159;1;1;0.468175737033242;0;0.711984048533562
160;0;1;0.468175737033242;0.213152309544491;0.711984048533562
161;1;1;1;0;0.675868782519604
162;1;1;1;0.0893049023636569;0.675868782519604
163;0;1;0.732764153030364;0.226832498968723;0.675868782519604
164;1;1;0.468175737033242;0;0.675868782519604
165;0;1;0.468175737033242;0.220463983319054;0.675868782519604
166;1;1;0;0.389849471805684;0.559429985159835
167;0;1;0.0603500059182235;0.423994908005334;0.559429985159835
168;0;1;0.406398017465463;0.426365045896426;0.559429985159835
169;0;1;0.747617046205572;0.250763480946669;0.559429985159835
170;1;1;0;0.232768698972649;0.559429985159835
171;0;1;0.468175737033242;0.244037463316905;0.559429985159835
172;1;1;0.531152302188215;0.396393138061573;1
173;0;1;0.552825854995468;0.412692387120788;0.769172959216819
174;1;1;0.531152302188215;0.662355041697303;1
175;0;1;0.558524648988947;0.594653265134057;0.708479829426509
176;0;1;0.567054282287405;0.498757346013276;0.617637777329266
177;0;1;0.395394181029947;0.688695059349448;0.213729838088513
178;0;1;0.205616976624474;0.594750917982223;0.31951451676812
179;1;1;0;0.669487694055239;0.434128523605419
180;1;1;0;0.884067817875962;0.434128523605419
181;0;1;0.00633872696271269;0.88093571671801;0.430595221504732
182;0;1;0.177572417353207;0.522463902072044;0.639312201598681
183;0;1;0.177572417353207;0.525408991547475;0.651291959473513
184;0;1;0.177572417353207;0.809496589594924;0.527779876104558
185;0;1;0.177572417353207;0.838157262907814;0.946953762315742
186;0;1;0.177572417353207;0.554271324499381;0.522015288687027
187;0;1;0.177572417353207;0.808863732825699;0.518524091061575
188;1;1;0;0.918712502906694;0.312326084089838
189;1;1;0;1;0.312326084089838
190;1;1;0.513356486741421;1;0.312326084089838
191;0;1;0.513356486741421;0.765507636430156;0.312326084089838
192;1;1;0.27662593446099;1;1
193;1;1;0.27662593446099;0.896544595707186;1
194;0;1;0.27662593446099;0.765514773074611;0.545146764620086
195;1;1;0.27662593446099;1;0.527779876104558
196;0;1;0.27662593446099;0.770784212389997;0.527779876104558
197;0;1;0.27662593446099;0.789709300489261;0.899001468964413
198;0;1;0.72343990203665;0.797627684572812;0.896783527253709
199;0;1;0.869059371447399;0.651098009368047;0.755096748423388
200;0;1;0.981408775390432;0.616716924269695;0.549042315332628
201;0;1;0.842428940904688;0.866534755399108;0.549042315332628
202;1;1;0.950043196080118;0.477197350409503;0
203;0;1;0.795868922399408;0.505562121453058;0.206227291595426
204;1;1;0.921172986327821;0.905305132113616;0
205;0;1;0.723436499017873;0.710928951794446;0.285573993691733
206;0;1;0.614894495593346;0.604231496424061;0.442331979144652
207;1;1;1;1;0.277583246308961
208;0;1;0.622660698687616;0.743428780000169;0.277583246308961
209;1;1;1;0.956923623000536;0.277583246308961
210;1;1;0.513356486741421;1;0.277583246308961
211;0;1;0.513356486741421;0.776049264262161;0.277583246308961
212;0;1;0.272523368145616;0.401170115658882;0.906410818165316
213;1;1;0.272523368145616;0.375791522417585;1
214;0;1;0.272523368145616;0.418181528642188;0.663283958796891
215;1;1;0.272523368145616;0.150133120055896;1
216;0;1;0.272523368145616;0.208443051323718;0.711984048533562
217;0;1;0.272523368145616;0.425448117122321;0.559429985159835
218;0;1;0.272523368145616;0.239328205096132;0.559429985159835
219;1;1;0.342968803487824;0.389255701096376;0
220;0;1;0.342224128753967;0.448247735782633;0.240401050601828
221;0;1;0.344493326128726;0.268485264792914;0.423968097067125
222;1;1;0.343410146522788;0.354293156453209;0
223;0;1;0.34250588478284;0.425927438513749;0.559429985159835
224;0;1;0.344839412439415;0.241068817428201;0.559429985159835
225;1;1;1;0.422617321159329;0.354539734022157
226;0;1;0.952146378091235;0.444438988023672;0.354539734022157
227;0;1;0.485450252952138;0.441242512006161;0.354539734022157
228;0;1;0.773752776578899;0.292873370593525;0.354539734022157
229;1;1;1;0.298319032217151;0.354539734022157
230;1;1;0;0;0.202032630989333
231;1;1;0;0.305125160657765;0.202032630989333
232;1;1;0.249738308421605;0;0.202032630989333
233;0;1;0.243387549589769;0.310983381671166;0.202032630989333
234;1;1;0.690893401334717;0;1
235;1;1;0.690893401334717;0.160203085113422;1
236;1;1;0.690893401334717;0;0.675868782519604
237;0;1;0.690893401334717;0.225824690155808;0.675868782519604
238;1;1;0.710244108834705;0;0.423968097067125
239;0;1;0.710244108834705;0.277288709852153;0.423968097067125
240;0;1;0.710244108834705;0.249863932356744;0.559429985159835
241;1;1;0.710244108834705;0;0.675868782519604
242;0;1;0.710244108834705;0.226290452358894;0.675868782519604
243;1;1;1;0;0.198300473522196
244;1;1;1;0.218807176252405;0.198300473522196
245;1;1;0.732490004891984;0;0.198300473522196
246;0;1;0.732490004891984;0.323511431595866;0.198300473522196
247;0;1;0.793682603222584;0.324984307944755;0.198300473522196
248;1;1;0.490001118265905;0;0.211984048533562
249;0;1;0.490001118265905;0.314904548855104;0.211984048533562
250;1;1;0.732490004891984;0;0.211984048533562
251;0;1;0.732490004891984;0.320741139484098;0.211984048533562
252;1;1;0.478552752214395;1;0.716679127751773
253;0;1;0.480992369110709;0.688047526536265;0.775140305266077
254;1;1;0.27662593446099;1;0.716679127751773
255;0;1;0.27662593446099;0.780061365345085;0.757896533147052
256;1;1;1;0.541812957983687;0.233400062834313
257;1;1;1;0.791713692978521;0.233400062834313
258;0;1;0.787843550706736;0.511079676707241;0.233400062834313
259;0;1;0.759562652115815;0.746441181956584;0.233400062834313
260;0;1;0.775040972091711;0.516917763656528;0.233400062834313
261;1;1;0.403733075651392;0.807875160166943;0
262;1;1;0.403733075651392;0.892988966534118;0
263;0;1;0.322711482271433;0.716663309474226;0.138033269785256
264;0;1;0.122170785865039;0.831471867997942;0.479686487096999
265;0;1;0.221327411618683;0.774705189339453;0.310757283132048
266;0;1;0.220406570190426;0.852934899956905;0.312326084089838
267;0;1;0.807465885689691;0.846849872777665;0.527779876104558
268;1;1;0.521887794314728;1;1
269;1;1;0.554925483790792;0.902937874503565;1
270;1;1;0.755337145251413;1;0.527779876104558
271;0;1;0.66691599684624;0.765778597542037;0.867902023255225
272;0;1;0.798679532036801;0.8417817727516;0.549042315332628
273;0;1;0.769234176174138;0.669862395935727;0.375874311393717
274;0;1;0.588670173258196;0.723749479612806;0.375874311393717
275;1;1;1;0.956475825573016;0.375874311393717
276;1;1;1;0.713313833054702;0.375874311393717
277;0;1;0.0333460625438007;0.407665124151648;0.790171647073096
278;1;1;0;0.186054166745245;0.790171647073096
279;1;1;0;0.388798251915683;0.790171647073096
280;0;1;0.272523368145616;0.409303287573428;0.790171647073096
281;0;1;0.272523368145616;0.192613672868728;0.790171647073096
282;1;1;0.73818223741882;0.161341304606219;1
283;1;1;0.73818223741882;0.320575479050054;1
284;0;1;0.804581927222776;0.42662033735983;0.594758821545224
285;0;1;0.804581927222776;0.244982140089922;0.594758821545224
286;0;1;0.762994746703175;0.408576666268845;0.848567809089179
287;0;1;0.0807461392752982;0.436503965153597;0.346707690113789
288;1;1;0;0.390818598515378;0.346707690113789
289;0;1;0.0989667435452252;0.439143427483966;0.346707690113789
290;0;1;0.344295936519136;0.284122178691255;0.346707690113789
291;0;1;0.342318015337117;0.440810179064305;0.346707690113789
292;1;1;0;0.275835141439165;0.346707690113789
293;0;1;0.243570927969053;0.281697776281774;0.346707690113789
294;1;1;0.237562911568423;0;1
295;1;1;0.238051052125705;0;0.711984048533562
296;1;1;0.235461206785896;0.149241051694776;1
297;0;1;0.235128303672913;0.207542970145117;0.711984048533562
298;0;1;0.235218676774882;0.191715766927135;0.790171647073096
299;0;1;0.385834229483759;0.378927831716795;0.773391424558027
300;0;1;0.468175737033242;0.200720151335569;0.773391424558027
301;0;1;0.720324198159607;0.20678924326717;0.773391424558027
302;0;1;0.323845870652932;0.410828903762959;0.773391424558027
303;0;1;0.690893401334717;0.206080858172323;0.773391424558027
304;0;1;0.272523368145616;0.410477387777318;0.773391424558027
305;0;1;0.272523368145616;0.196010893114796;0.773391424558027
306;1;1;0;0.450635850925889;0.172770482100035
307;1;1;0;0.636784227932012;0.172770482100035
308;0;1;0.322790321615921;0.574242596981689;0.172770482100035
309;0;1;0.105601180930278;0.451359130216378;0.172770482100035
310;0;1;0.147350503165526;0.664529199074609;0.172770482100035
311;1;1;0.200410762756938;0.614443357678236;1
312;1;1;0.200410762756938;0.831369772540894;1
313;0;1;0.200410762756938;0.529560232847756;0.654720411175403
314;0;1;0.200410762756938;0.826986823612681;0.935897607315542
315;1;1;0;0.633963662111326;0.757772374012145
316;1;1;0;0.896419939305712;0.614783272575748
317;0;1;0.177572417353207;0.818353432835003;0.657314774324734
318;0;1;0.177572417353207;0.636551570213003;0.756362452870176
319;1;1;0.490001118265905;0.171371924703241;0
320;1;1;0.732490004891984;0.168379087993469;0
321;0;1;0.732490004891984;0.168378767487746;0.198300473522196
322;0;1;0.490001118265905;0.171371582081262;0.211984048533562
323;0;1;0.732490004891984;0.16837874537149;0.211984048533562
324;1;1;1;0.156572877853495;0
325;1;1;1;0.156572877853495;0.198300473522196
326;1;1;0.732490004891984;0.156572877853495;0
327;0;1;0.732490004891984;0.156572877853495;0.198300473522196
328;0;1;0.496615944612838;0.468632288268944;0.232343483095189
329;0;1;0.468252390275693;0.656301650835604;0.225877217285326
330;0;1;0.788582397002477;0.510571709547935;0.230898433982255
331;0;1;0.777096475948641;0.515797078903476;0.230718390597733
332;0;1;0.308918595439836;0.566138012940309;0.228983862083611
333;1;1;0.315909688576829;1;0
334;1;1;0.315909688576829;1;0.312326084089838
335;1;1;0.315909688576829;0.919198765451206;0
336;0;1;0.315909688576829;0.824433180628574;0.312326084089838
337;0;1;0.315909688576829;0.873800885770369;0.149621215478547
338;1;1;0;1;0.747235145687208
339;1;1;0.27662593446099;1;0.747235145687208
340;0;1;0.27662593446099;0.780202605071365;0.759962221008105
341;1;1;0;0.905848983141634;0.752686834882544
342;0;1;0.177572417353207;0.825193743317188;0.757357069088933
343;1;1;0.292684250091375;1;0.527779876104558
344;0;1;0.292684250091375;0.765991807568918;0.527779876104558
345;1;1;0.292684250091375;1;0.312326084089838
346;0;1;0.292684250091375;0.83136452423467;0.312326084089838
347;0;1;0.712376079107495;0.794864612801325;0.129255015292023
348;1;1;0.719093548236928;0.526471735109406;0
349;1;1;0.712361546524974;0.795445254344734;0
350;0;1;0.714271165241446;0.719147462314296;0.267502497422782
351;0;1;0.71469200438596;0.702333059915835;0.298202923682468
352;0;1;0.718561967009609;0.547710778055225;0.307084273821156
353;0;1;0.718695745596964;0.542365726318908;0.229802951156542
354;1;1;0.721430953996854;0.867695237312233;0
355;1;1;0.696343242727777;1;0
356;0;1;0.733141456639509;0.805937699668662;0.277583246308961
357;1;1;0.696343242727777;1;0.277583246308961
358;0;1;0.733014595987698;0.806606723169942;0.114978423643635
359;0;1;0.503653747839066;0.674071710754069;0.721874143968437
360;1;1;0.478778064706432;1;0.696691843157985
361;0;1;0.481640300757231;0.684062196564843;0.721174507248066
362;0;1;0.731715293926654;0.803155799985312;0.711091681829821
363;1;1;0.672157969258362;1;0.696034277478381
364;1;1;1;1;0.795640997980093
365;1;1;1;0.954563439719327;0.795640997980093
366;0;1;0.758048547587932;0.817669701996359;0.795640997980093
367;0;1;0.696776678237371;0.783002684588311;0.795640997980093
368;1;1;0.622915840273606;1;0.795640997980093
369;0;1;0.729554584172977;0.802768429293211;0.527779876104558
370;1;1;0.664964588515846;1;0.527779876104558
371;0;1;0.729363375908564;0.803352301546778;0.375874311393717
372;0;1;0.729239653884306;0.803730098277173;0.277583246308961
373;1;1;0.664964588515846;1;0.277583246308961
374;1;1;1;0.206144391960686;0.809826957610302
375;1;1;1;0.412910622711791;0.809826957610302
376;0;1;0.769342523428993;0.200592577669347;0.809826957610302
377;0;1;0.769342523428993;0.411330812954642;0.809826957610302
378;1;1;0.658745414887841;0.62236519373902;1
379;0;1;0.681306530835265;0.607451508079248;0.932348430530627
380;0;1;0.772480143453186;0.547182565611234;0.658956014917464
381;1;1;0.658745414887841;0.397267043591906;1
382;0;1;0.778993044016802;0.526674033397668;0.6394264869476
383;0;1;0.715260191351855;0.409511448306383;0.830535274278496
384;1;1;0;0.163713186446594;0
385;1;1;0.246974114793762;0.163713186446594;0
386;1;1;0;0.163713186446594;0.202032630989333
387;0;1;0.246395033423672;0.163713186446594;0.202032630989333
388;0;1;0.372723956298037;0.599465975078993;0.837540243847325
389;0;1;0.157848982381707;0.47787528632743;0.841173971303687
390;0;1;0.546397301778222;0.407857896397917;0.83763814943508
391;0;1;0.546610112375552;0.62412225080514;0.835371680210311
392;0;1;0.297997128647297;0.405964224341807;0.840387066218538
393;0;1;0.388030432493776;0.376297721091052;0.778922558870922
394;0;1;0.719618648558014;0.205652461725615;0.778922558870922
395;0;1;0.77440627953023;0.206971173597183;0.778922558870922
396;0;1;0.77440627953023;0.413527854168643;0.778922558870922
397;0;1;0.57863436218694;0.412186981157316;0.778922558870922
398;1;1;0.238012489925778;0;0.423968097067125
399;0;1;0.233691272487309;0.265818312764906;0.423968097067125
400;0;1;0.234006310896903;0.238401118092178;0.559429985159835
401;1;1;0.237734676755601;0;0.711984048533562
402;0;1;0.234361099909362;0.207524503920297;0.711984048533562
403;1;1;0.249737508020219;0;0.202311878788093
404;1;1;0.490001118265905;0;0.202311878788093
405;0;1;0.490001118265905;0.316862716623929;0.202311878788093
406;0;1;0.343927025275359;0.313346783608813;0.202311878788093
407;0;1;0.243387903541646;0.31092685540541;0.202311878788093
408;0;1;0.490001118265905;0.171371597714032;0.202311878788093
409;1;1;1;0.113966437465747;0.58492391134226
410;0;1;0.744365049699336;0.245523864067652;0.58492391134226
411;1;1;1;0.251676874113299;0.58492391134226
412;0;1;0.50794897253685;0.445476724183379;0.296226793501143
413;0;1;0.781191155331771;0.304858086687575;0.296226793501143
414;0;1;0.490001118265905;0.297849282839935;0.296226793501143
415;0;1;0.732490004891984;0.303685873468928;0.296226793501143
416;0;1;0.342273432243163;0.444341986047126;0.296226793501143
417;0;1;0.344166964839242;0.294339125054478;0.296226793501143
418;1;1;0.86453617792457;0.710649498265408;1
419;1;1;0.86453617792457;0.568571622079231;1
420;0;1;0.86453617792457;0.508169556894163;0.702325333556412
421;0;1;0.86453617792457;0.537941820883534;0.648220888166847
422;0;1;0.86453617792457;0.650275845265122;0.754417734674485
423;0;1;0.86453617792457;0.519265836010309;0.864612883078393
424;1;1;0.819251123779451;0.458250627082751;0
425;1;1;0.819251123779451;0.365746419435236;0
426;0;1;0.819251123779451;0.466101256759075;0.0319340527586486
427;0;1;0.819251123779451;0.443528767281809;0.354539734022157
428;0;1;0.819251123779451;0.293968493881855;0.354539734022157
429;1;1;0.745326920491511;0.809540906298021;1
430;0;1;0.758655498460491;0.817470343914294;0.914777319181177
431;0;1;0.806949401564967;0.713596202437131;0.815529337564799
432;1;1;0.777627215355826;0.698059743860266;1
433;0;1;0.83858208207505;0.645558265567584;0.750521552069604
434;1;1;0.185064090941406;0.350481843213236;0
435;1;1;0.183687480273949;0.366181984861383;0
436;0;1;0.188642907819392;0.309665704528967;0.202032630989333
437;0;1;0.177033930639839;0.442065220541592;0.312591314534654
438;0;1;0.177243109195548;0.439679554766927;0.346707690113789
439;0;1;0.191205689588271;0.280437370232363;0.346707690113789
440;1;1;0;0.142529479433763;0.423968097067125
441;0;1;0.246191508896257;0.142529479433763;0.423968097067125
442;1;1;0;0.142529479433763;0.202032630989333
443;0;1;0.246827637293628;0.142529479433763;0.202032630989333
444;0;1;0.235695490522619;0.142529479433763;0.423968097067125
445;0;1;0.246826836892241;0.142529479433763;0.202311878788093
446;1;1;0.127908241496102;0.393631255329373;1
447;0;1;0.126828460620009;0.408305399970139;0.790171647073096
448;1;1;0.146049786377343;0.147088961899063;1
449;0;1;0.14292942794106;0.18949440918825;0.790171647073096
450;1;1;0.109633568741303;0.730789665785352;0
451;1;1;0.138576214466954;0.470803190934998;0
452;0;1;0.112342761989664;0.706453480040402;0.0846035332562612
453;0;1;0.138658646706364;0.470062717256767;0.172770482100035
454;0;1;0.117632849750018;0.658933592553247;0.172770482100035
455;1;1;0;0.580045118406967;0.978170840700165
456;0;1;0.200410762756938;0.603430283170881;0.955202051701226
457;0;1;0.200410762756938;0.723087863363807;0.837674989594909
458;1;1;0;0.720829861882042;0.839892787079663
459;0;1;0.177572417353207;0.722830546755391;0.837927724649133
460;0;1;0.244534103740774;0.548144866954567;0.417527248819945
461;1;1;0;0.671700763104596;0.425967341474332
462;0;1;0.0156075358646889;0.66381473391294;0.425428647497543
463;1;1;0;0.497456605510341;0.425967341474332
464;1;1;0.866245002445992;0;0
465;1;1;0.866245002445992;0;0.198300473522196
466;1;1;0.866245002445992;0.156572877853495;0
467;0;1;0.866245002445992;0.156572877853495;0.198300473522196
468;0;1;0.155133762024092;0.849132210207515;0.957816425390899
469;1;1;0.155133762024092;1;1
470;1;1;0.155133762024092;0.893753598266344;1
471;1;1;0.155133762024092;1;0.747235145687208
472;0;1;0.155133762024092;0.835385614069885;0.756766922391459
473;0;1;0.161087388342301;0.817013905881053;0.527779876104558
474;0;1;0.161111169891836;0.816391418722399;0.518834357329284
475;1;1;0.161087388342301;1;0.527779876104558
476;0;1;0.161171301953047;0.814817449125802;0.496215457674361
477;0;1;0.161660169547721;0.870467033472102;0.312326084089838
478;0;1;0.161392887165965;0.840041303458762;0.41286535134093
479;1;1;0.161660169547721;1;0.312326084089838
480;1;1;0;0.869887588736375;0.226736963368334
481;0;1;0.372059460881744;0.677143828761796;0.226736963368334
482;0;1;0.372059460881744;0.700225245840618;0.226736963368334
483;0;1;0.270644943501688;0.746471145841563;0.226736963368334
484;0;1;0.168778539784558;0.638867588311188;0.226736963368334
485;1;1;0;0.725726096248262;0.226736963368334
486;0;1;0.218124258569586;0.790319480701058;0.51775975844022
487;0;1;0.218124258569586;0.533601488688807;0.521280103960402
488;0;1;0.218124258569586;0.776287936069702;0.31254276899755
489;0;1;0.218124258569586;0.776538978644505;0.316214367725733
490;0;1;0.218124258569586;0.579772550776207;0.351014089445194
491;0;1;0.218124258569586;0.561488985576029;0.418438784416915
492;0;1;0.218124258569586;0.600942314187327;0.31254276899755
493;1;1;0;0.972282299737906;0.135772065021676
494;0;1;0.32054030769448;0.717498775887417;0.135772065021676
495;0;1;0.324038744989969;0.718157504834535;0.135772065021676
496;0;1;0.324038744989969;0.875576961553645;0.135772065021676
497;0;1;0.315909688576829;0.878002977459786;0.135772065021676
498;1;1;0;0.863667937846338;0.135772065021676
499;0;1;0.155809217309731;0.827921230707788;0.652102131536459
500;1;1;0.15210010856796;1;0.747235145687208
501;0;1;0.151860158641263;0.836872518792294;0.756680825154487
502;0;1;0.160503824437739;0.817280016085704;0.527779876104558
503;1;1;0.160373714859078;1;0.527779876104558
504;1;1;0;0.702030103426847;0.524449557572396
505;0;1;0.177572417353207;0.702030103426847;0.519989088842646
506;1;1;0;0.702030103426847;0.720689019078816
507;0;1;0.177572417353207;0.702030103426847;0.720689019078816
508;0;1;0.463355249983938;0.653843483058907;0.157264974664446
509;0;1;0.675892064224412;0.774107339789213;0.154492651562251
510;0;1;0.712715450503858;0.781305210603701;0.154012328542221
511;0;1;0.718827081693391;0.537118262998171;0.153932608629229
512;0;1;0.503272749294013;0.540363626757726;0.520202926770167
513;0;1;0.502883218597775;0.647333355123838;0.325676029040198
514;0;1;0.503530342450525;0.469625504583462;0.232309261202982
515;0;1;0.502907972841873;0.640535547421612;0.226420448285135
516;0;1;0.862858537119845;0.597276288697981;0.539819680888044
517;0;1;0.878871077419441;0.524266052099929;0.233400062834313
518;0;1;0.827344690647182;0.759204020648262;0.233400062834313
519;0;1;0.843857368986072;0.683913371579901;0.375874311393717
520;1;1;1;0.669148303945523;0
521;1;1;0.93680777342243;0.673461509295587;0
522;0;1;0.763687306738172;0.685277901335382;0.233400062834313
523;1;1;1;0.669148303945523;0.233400062834313
524;0;1;0.844771913376334;0.679743445942673;0.233400062834313
525;1;1;0.715794629247374;0.658278274718121;0
526;0;1;0.715794629247374;0.658278274718121;0.300733386743273
527;0;1;0.715794629247374;0.658278274718121;0.153972163837594
528;1;1;0.937831681853211;0.658278274718121;0
529;0;1;0.765508074584464;0.658278274718121;0.233400062834313
530;0;1;0.478041427025588;0.818567059070109;0.921908375905988
531;0;1;0.27662593446099;0.816264398219205;0.924105774210727
532;1;1;0.47819100573215;1;0.748769358639664
533;1;1;0.27662593446099;1;0.748769358639664
534;0;1;0.482098265591653;0.857436296931831;0.527779876104558
535;0;1;0.27662593446099;0.857436296931831;0.527779876104558
536;0;1;0.27662593446099;0.857436296931831;0.743396152494754
537;0;1;0.479667668262165;0.857436296931831;0.743396152494754
538;0;1;0.292684250091375;0.857436296931831;0.527779876104558
539;0;1;0.480069619455564;0.857436296931831;0.707739394972633
540;0;1;0.349452978982766;0.586900169894018;0.705690842182223
541;0;1;0.27662593446099;0.770712066272759;0.621159270113701
542;0;1;0.177572417353207;0.814504326734813;0.601020047929386
543;0;1;0.177572417353207;0.58424381946346;0.706912446889446
544;0;1;0.499702495710112;0.672088340851974;0.666514433284942
545;0;1;0.482338954043758;0.679764885425039;0.662984137403123
546;0;1;0.200410762756938;0.584596777634362;0.706750128184027
547;0;1;0.177572417353207;0.702030103426847;0.652744789911364
548;0;1;0.635286624770435;0.804516359217587;0.905210326815303
549;0;1;0.688653946539602;0.945478789225821;0.700204824115242
550;0;1;0.663809867078402;0.879856575180374;0.795640997980093
551;0;1;0.478360050497674;0.80309615080624;0.907275774603696
552;0;1;0.479143897483342;0.9244105789302;0.730844896384086
553;0;1;0.479276683964545;0.94496167668817;0.700956874968277
554;0;1;0.513356486741421;0.866578674773883;0.527779876104558
555;0;1;0.513356486741421;0.866578674773883;0.312326084089838
556;0;1;0.513356486741421;0.866578674773883;0.277583246308961
557;0;1;0.708657810579848;0.866578674773883;0.527779876104558
558;0;1;0.708657810579848;0.866578674773883;0.277583246308961
559;0;1;0.831484973340586;0.860439634907411;0.527779876104558
560;1;1;0.798460518490264;1;0.527779876104558
561;0;1;0.832283930187477;0.862031530211027;0.277583246308961
562;1;1;0.799636168781212;1;0.277583246308961
563;0;1;0.83197005577797;0.86140614574832;0.375874311393717
564;0;1;0.654121934530308;0.773082986913714;0.148904896408805
565;1;1;0.513356486741421;1;0.151367623371145
566;0;1;0.513356486741421;0.814345448701289;0.151367623371145
567;1;1;0.696343242727777;1;0.148166223988006
568;0;1;0.733039987479745;0.806472816362203;0.147524205196105
569;0;1;0.684744316277151;0.779143754044047;0.148369150127572
570;0;1;0.409872980669263;0.415491821998752;0.715170095597326
571;0;1;0.394948420848986;0.564920621109504;0.683924057638264
572;0;1;0.403841738464781;0.477258902189559;0.600858445911065
573;0;1;0.391019850312743;0.602060250653651;0.837312072661292
574;0;1;0.410572726969232;0.406822441395584;0.839141250051285
575;1;1;0.361923962456411;0.592615306322375;1
576;1;1;0.419100792234215;0.395625679441283;1
577;0;1;0.361739648887116;0.593250316367277;0.83772599828257
578;0;1;0.415839245095094;0.406862590555233;0.83908296820758
579;0;1;0.407792123585085;0.434587098365191;0.838881123782901
580;1;1;0.468175737033242;0;0.828742823686048
581;1;1;0.690893401334717;0;0.828503730670676
582;0;1;0.468175737033242;0.189514419692627;0.828740991790335
583;0;1;0.690893401334717;0.194923542410565;0.828501846488974
584;1;1;1;0.0541778017450414;0.805407743795492
585;1;1;1;0.207039078704553;0.805407743795492
586;0;1;0.71624020742559;0.200209117260676;0.805407743795492
587;0;1;0.770066621674881;0.201504693109;0.805407743795492
588;0;1;0.645666449340436;0.293650195297791;0.594758821545224
589;0;1;0.645666449340436;0.425531899966631;0.594758821545224
590;0;1;0.645666449340436;0.245210364084139;0.773391424558027
591;0;1;0.645666449340436;0.24371048551764;0.778922558870922
592;0;1;0.645666449340436;0.412646094587765;0.778922558870922
593;1;1;1;0;0.819178418269416
594;1;1;0.690893401334717;0;0.819178418269416
595;0;1;0.690893401334717;0.196811106123251;0.819178418269416
596;1;1;1;0.0504436057698128;0.819178418269416
597;0;1;0.71448362489855;0.197378911434679;0.819178418269416
598;1;1;0.914461738060667;0.165584267225436;1
599;1;1;0.862713280426771;0.344023720626344;1
600;0;1;0.844455185341732;0.406981432915379;0.879340866146737
601;0;1;0.903373552244327;0.203818639934147;0.809826957610302
602;0;1;0.843047440642942;0.411835629659894;0.809826957610302
603;0;1;0.875137819447781;0.427103585891889;0.594758821545224
604;0;1;0.905068628436229;0.247400806556667;0.594758821545224
605;0;1;0.912143381810924;0.204924412248898;0.805407743795492
606;0;1;0.912291803400343;0.204033297941153;0.809826957610302
607;0;1;0.877641345006431;0.412072568815147;0.809826957610302
608;0;1;0.490001118265905;0.151310735781475;0.423968097067125
609;0;1;0.732490004891984;0.14559842993093;0.423968097067125
610;0;1;0.710244108834705;0.146122476059257;0.423968097067125
611;0;1;0.490001118265905;0.151312124590533;0.211984048533562
612;0;1;0.732490004891984;0.145599818739988;0.211984048533562
613;1;1;0.611477008902851;0.360745396630813;0
614;0;1;0.611125466907632;0.317819953548744;0.211984048533562
615;0;1;0.612845947593621;0.16985541150564;0.211984048533562
616;1;1;0.613696729955213;0.169845253635332;0
617;0;1;0.468175737033242;0.146286376977002;0.423968097067125
618;0;1;0.468175737033242;0.139108850533445;0.675868782519604
619;0;1;0.690893401334717;0.106223729869686;0.675868782519604
620;0;1;0.710244108834705;0.1033665234013;0.675868782519604
621;0;1;0.490001118265905;0.143063775403752;0.423968097067125
622;0;1;0.710244108834705;0.110544049844857;0.423968097067125
623;0;1;0.837776066756239;0.241098161543432;0.423968097067125
624;1;1;0.837776066756239;0;0.423968097067125
625;0;1;0.837776066756239;0.172790212825655;0.675868782519604
626;1;1;0.837776066756239;0;0.675868782519604
627;0;1;0.837776066756239;0.197451747927745;0.58492391134226
628;0;1;0.43159655049232;0.413397123649263;0.559429985159835
629;0;1;0.43159655049232;0.21227186615448;0.711984048533562
630;0;1;0.43159655049232;0.243157019926894;0.559429985159835
631;0;1;0.43159655049232;0.199839707945558;0.773391424558027
632;0;1;0.43159655049232;0.403816997498605;0.594758821545224
633;0;1;0.43159655049232;0.355377166284953;0.773391424558027
634;0;1;0.608548113744228;0.634347796633298;0.840469003604612
635;0;1;0.711947392833288;0.587196828069275;0.840469003604612
636;0;1;0.711947392833288;0.408793702464733;0.840469003604612
637;0;1;0.546131498139598;0.407658003018862;0.840469003604612
638;0;1;0.546131498139598;0.625306038015585;0.840469003604612
639;0;1;0.78647913261682;0.429790855465573;0.547673776506924
640;0;1;0.78647913261682;0.24454641454874;0.594758821545224
641;0;1;0.78647913261682;0.246537529745798;0.58492391134226
642;0;1;0.78647913261682;0.443304306699956;0.354539734022157
643;0;1;0.78647913261682;0.29317968784965;0.354539734022157
644;0;1;0.78647913261682;0.426496348439222;0.594758821545224
645;1;1;1;0.674396913435294;0.772712602452691
646;0;1;0.989598074750934;0.673007882197727;0.773191803699023
647;1;1;1;0.95503073609668;0.693069933884014
648;0;1;0.780453163466178;0.830644312665081;0.730164309099802
649;0;1;0.848827326428054;0.671456516354847;0.774782394165272
650;0;1;0.49188600545475;0.437930480390396;0.354539734022157
651;0;1;0.49188600545475;0.272032935545607;0.423968097067125
652;0;1;0.49188600545475;0.244608158050199;0.559429985159835
653;0;1;0.49188600545475;0.442453707226117;0.337859333545155
654;0;1;0.49188600545475;0.297894651166113;0.296226793501143
655;0;1;0.49188600545475;0.445366706366041;0.296226793501143
656;0;1;0.49188600545475;0.382370358581497;0.559429985159835
657;1;1;0.527025723453625;0.415918445080963;0
658;0;1;0.527025723453625;0.455164239841851;0.159640351426698
659;0;1;0.527025723453625;0.449066928982787;0.246783026830081
660;0;1;0.527025723453625;0.435659254953977;0.296226793501143
661;1;1;0.527025723453625;0.358712694892941;0
662;0;1;0.527025723453625;0.315795713257265;0.211984048533562
663;0;1;0.527025723453625;0.298740447242096;0.296226793501143
664;1;1;0;0;0.562288800793456
665;1;1;0;0.232190745216015;0.562284728725831
666;1;1;0.237879600958703;0;0.561737455758488
667;0;1;0.234011688435668;0.237933121102902;0.561742247830971
668;1;1;0.468175737033242;0;0.561872689244981
669;0;1;0.468175737033242;0.243543739869091;0.561868681716175
670;0;1;0.272523368145616;0.238751502837857;0.562278547077478
671;0;1;0.468175737033242;0.142357062366581;0.561870346749836
672;0;1;0.43159655049232;0.242647782752341;0.561945310185296
673;1;1;0.237879005254825;0;0.562355037060649
674;0;1;0.234013123305672;0.237808247090671;0.56235922085365
675;0;1;0.490001118265905;0.146617925057007;0.202311878788093
676;0;1;0.246108016550104;0.146617925057007;0.423968097067125
677;0;1;0.246743344546088;0.146617925057007;0.202311878788093
678;0;1;0.490001118265905;0.146617925057007;0.211984048533562
679;0;1;0.468175737033242;0.146617925057007;0.423968097067125
680;0;1;0.490001118265905;0.146617925057007;0.423968097067125
681;1;1;0.556791875605566;0.500668565108241;0
682;0;1;0.556791875605566;0.458478916704673;0.155583670002552
683;1;1;0.556791875605566;0.600482706283955;0
684;0;1;0.556791875605566;0.611152237552745;0.156046190442392
685;0;1;0.556791875605566;0.477276239312304;0.232045650330537
686;0;1;0.556791875605566;0.616021771561703;0.227265085835696
687;1;1;1;0.440990262988883;0.408513159663965
688;0;1;0.968287030010309;0.44077105496413;0.408541755745215
689;1;1;1;0.580391926650155;0.390327961813498
690;0;1;0.740089954581254;0.543910941762399;0.395086971932457
691;0;1;0.870546645851985;0.562221848426612;0.392698281211238
692;0;1;0.509803890919533;0.677158835615069;0.808041801836151
693;0;1;0.452219910399261;0.703824714100221;0.813995564168968
694;0;1;0.400383655568113;0.614903723853697;0.884037888657018
695;0;1;0.200410762756938;0.605396863730954;0.9632015230747
696;0;1;0.200410762756938;0.761367019944021;0.873862829727673
697;0;1;0.315909688576829;0.881343250979023;0.312326084089838
698;0;1;0.292684250091375;0.881343250979023;0.312326084089838
699;0;1;0.481860796771562;0.881343250979023;0.527779876104558
700;0;1;0.292684250091375;0.881343250979023;0.527779876104558
701;0;1;0.513356486741421;0.881343250979023;0.527779876104558
702;0;1;0.513356486741421;0.881343250979023;0.312326084089838
703;0;1;0.697305622540866;0.784425417829399;0.549042315332628
704;0;1;0.697854727060689;0.783990532934689;0.712692566707116
705;0;1;0.697234279531096;0.784481920728523;0.527779876104558
706;0;1;0.479165903947588;0.95718973705804;0.70000929765637
707;0;1;0.494557929521448;0.944999417766504;0.70090198708974
708;0;1;0.593575359073246;0.866578674773883;0.527779876104558
709;0;1;0.481122804982953;0.955639892410981;0.527779876104558
710;0;1;0.513356486741421;0.930111161920513;0.527779876104558
711;1;1;0.315909688576829;1;0.171808652036551
712;0;1;0.315909688576829;0.867068801873945;0.171808652036551
713;1;1;0.513356486741421;1;0.171808652036551
714;0;1;0.513356486741421;0.808143257675527;0.171808652036551
715;0;1;0.513493921979308;0.68171228441924;0.266830760678719
716;0;1;0.446380882896814;0.66907541319971;0.266830760678719
717;0;1;0.626379069588665;0.745581583965065;0.266830760678719
718;0;1;0.247111027745043;0.858769419728672;0.266830760678719
719;0;1;0.300131381479908;0.735766454999653;0.266830760678719
720;0;1;0.247111027745043;0.759944196413621;0.266830760678719
721;0;1;0.315909688576829;0.838237314030731;0.266830760678719
722;0;1;0.513356486741421;0.779311769832313;0.266830760678719
723;1;1;1;1;0.141493792946212
724;1;1;1;0.957543623476428;0.141493792946212
725;1;1;0.696343242727777;1;0.141493792946212
726;0;1;0.733035282686761;0.806497627972655;0.141493792946212
727;0;1;0.856905388636397;0.842129689242685;0.0928162262180039
728;0;1;0.842902413892427;0.869126471730053;0.0389640708456782
729;0;1;0.893460878383055;0.771653192394419;0.233400062834313
730;0;1;0.930507924883791;0.700229007571802;0.375874311393717
731;0;1;0.843338352012011;0.868286012698487;0.277583246308961
732;0;1;0.843517921914563;0.86793981414503;0.375874311393717
733;0;1;0.84308972748182;0.868765343875278;0.141493792946212
734;1;1;0.417430470078734;0.301217973674585;1
735;1;1;0.417430470078734;0.153620964158713;1
736;0;1;0.417430470078734;0.341089067384298;0.85296651379896
737;0;1;0.417430470078734;0.361167578353812;0.778922558870922
738;0;1;0.417430470078734;0.199498737217613;0.773391424558027
739;0;1;0.417430470078734;0.36266745692031;0.773391424558027
740;1;1;1;0.430905210882805;0.475753457996916
741;1;1;1;0.273767109795994;0.475811447823024
742;0;1;0.78647913261682;0.434402002122326;0.481771337606423
743;0;1;0.78647913261682;0.267408686365448;0.481832964374692
744;0;1;0.98847246591335;0.436183952284434;0.476076472037397
745;1;1;0.757928697319414;1;1
746;1;1;0.770064670260985;0.907880192241565;1
747;0;1;0.781606386603925;0.830998494212423;0.795640997980093
748;1;1;0.759341927404215;1;0.795640997980093
749;0;1;0.780839583734207;0.829970238608417;0.926112518781722
750;0;1;0.744727299405737;0.60132022297935;0.625878472526241
751;0;1;0.744000875465661;0.624850544670684;0.549042315332628
752;0;1;0.729180172578803;0.800951900253291;0.88000779182402
753;0;1;0.730798403295233;0.802626923773793;0.713310501160289
754;0;1;0.72999917171611;0.801799642669951;0.795640997980093
755;0;1;0.729691437895601;0.791337073003838;0.890700824286988
756;0;1;0.741862092500254;0.627977831950877;0.736002119641269
757;0;1;0.732393053232134;0.80427753893278;0.549042315332628
758;0;1;0.730819531585197;0.802648793574112;0.711134032343082
759;0;1;0.841833860890144;0.866198065015053;0.549042315332628
760;0;1;0.841813839857445;0.866283605380985;0.527779876104558
761;1;1;0.810517033024588;1;0.527779876104558
762;0;1;0.841835493958995;0.866191087687296;0.550776642814128
763;0;1;0.841994617198162;0.865511229644427;0.719766337477434
764;0;1;0.842066061920125;0.865205980272295;0.795640997980093
765;1;1;0.810517033024588;1;0.795640997980093
766;0;1;0.906960099182694;0.605932184450691;0.549042315332628
767;0;1;0.806105840495404;0.846065378395021;0.531071102412236
768;0;1;0.80610075214209;0.846077493724102;0.527779876104558
769;0;1;0.907620060451228;0.604360821879042;0.542261589959152
770;0;1;0.805865900718521;0.846636673110058;0.375874311393717
771;0;1;0.8719842334453;0.689209444725144;0.375874311393717
772;0;1;0.806133624631855;0.845999224585417;0.549042315332628
773;0;1;0.104999790510008;0.450995458309704;0.177909206585857
774;0;1;0.321522243108945;0.573501719552276;0.177909206585857
775;0;1;0.485221806434178;0.45359965939423;0.177909206585857
776;0;1;0.539289749236509;0.461432017541806;0.177909206585857
777;1;1;1;0.130573483082957;0.423968097067125
778;1;1;1;0.130573483082957;0.198300473522196
779;0;1;0.732490004891984;0.130573483082957;0.198300473522196
780;0;1;0.866245002445992;0.130573483082957;0.198300473522196
781;0;1;0.732490004891984;0.130573483082957;0.423968097067125
782;0;1;0.732490004891984;0.130573483082957;0.211984048533562
783;0;1;0.837776066756239;0.130573483082957;0.423968097067125
784;0;1;0.65983819429048;0.510978892673995;0.627176578534821
785;0;1;0.65983819429048;0.460134965311784;0.101599575201832
786;0;1;0.65983819429048;0.565143683546081;0.52874415932672
787;0;1;0.65983819429048;0.428796786857365;0.549484351935365
788;0;1;0.65983819429048;0.442436922763407;0.354539734022157
789;0;1;0.65983819429048;0.49207829254549;0.231535636285471
790;0;1;0.272523368145616;0.180825099077428;0.848400103583166
791;1;1;0.237819753689177;0;0.848456296691185
792;0;1;0.23528604680617;0.179917132679006;0.8484578057331
793;1;1;0.468175737033242;0;0.848099417462736
794;0;1;0.468175737033242;0.185595736984013;0.848096924892579
795;0;1;0.417430470078734;0.184358403158262;0.848175558663671
796;1;1;0;0;0.848240067001332
797;1;1;0;0.174298580181549;0.848237166540744
798;0;1;0.143788864490381;0.177814728140439;0.847964416484553
799;1;1;0.237820884570789;0;0.847789046370255
800;0;1;0.235285275915934;0.180052140066739;0.847790858876696
801;0;1;0.127770347169313;0.421016215650209;0.608601059364907
802;0;1;0.127472853137734;0.424454643065916;0.559429985159835
803;0;1;0.143758216000776;0.236228889944801;0.559429985159835
804;0;1;0.146424857814962;0.205407920955617;0.711984048533562
805;0;1;0.12886888257914;0.408319375144791;0.790171647073096
806;0;1;0.147791575390393;0.189611438733952;0.790171647073096
807;0;1;0.143802289742976;0.235719486906737;0.561951369331075
808;1;1;0.610889550683539;0;0
809;1;1;0.610889550683539;0;0.211984048533562
810;0;1;0.610889550683539;0.1484643582068;0.211984048533562
811;0;1;0.610889550683539;0.169879557669915;0.211984048533562
812;1;1;0.610889550683539;0.169879900291894;0
813;1;1;0.490001118265905;0.168183176173725;0
814;1;1;0.246882830730333;0.168183176173725;0
815;0;1;0.246303749360243;0.168183176173725;0.202032630989333
816;0;1;0.490001118265905;0.168183176173725;0.202311878788093
817;0;1;0.246302948958857;0.168183176173725;0.202311878788093
818;1;1;0;0.905429810106318;0.746556260478723
819;0;1;0.177572417353207;0.826797074691803;0.780806435956372
820;1;1;0;0.711466620504996;0.831041090429373
821;0;1;0.177572417353207;0.714259246120479;0.82982470240892
822;0;1;0.155133762024092;0.836733374900198;0.776478467153785
823;0;1;0.0368026733612193;0.889132825923221;0.753654761695616
824;1;1;0.791071601306752;0.562023304404753;1
825;1;1;0.791071601306752;0.398173366697225;1
826;0;1;0.838927057145999;0.518023928122045;0.675654301889823
827;0;1;0.807961446659515;0.546494402882442;0.885527186277011
828;0;1;0.810752696096451;0.407641426107626;0.866609181394479
829;1;1;1;0.482156085210707;0.891658217137341
830;1;1;1;0.686020992329634;0.819995936909546
831;0;1;0.86453617792457;0.668728574432587;0.829478010228173
832;0;1;0.86453617792457;0.524884782064713;0.880041760033735
833;1;1;0.710244108834705;0;0.548711414740951
834;0;1;0.710244108834705;0.106989678963918;0.548711414740951
835;1;1;0.468175737033242;0;0.548711414740951
836;0;1;0.468175737033242;0.142732006096063;0.548711414740951
837;0;1;0.468175737033242;0.244235926734679;0.558449695372853
838;0;1;0.710244108834705;0.256177755853563;0.528243498702239
839;0;1;0.49188600545475;0.245405612686401;0.55549103941246
840;0;1;0.710244108834705;0.107572881063382;0.528243498702239
841;0;1;0.468175737033242;0.142454528618681;0.558449695372853
842;0;1;0.546216999970644;0.131208913141143;0.548711414740951
843;0;1;0.344510717978592;0.26710750808398;0.430775453346435
844;0;1;0.456036437492128;0.435706893184375;0.430775453346435
845;0;1;0.342392261264551;0.434928526139367;0.430775453346435
846;0;1;0.49188600545475;0.417257628322878;0.430775453346435
847;0;1;0.468175737033242;0.270084065489935;0.430775453346435
848;0;1;0.49188600545475;0.270654760223229;0.430775453346435
849;0;1;0.285151060789307;0.776223016835737;0.758615855456233
850;0;1;0.285151060789307;0.766943047629682;0.622892569629845
851;0;1;0.285151060789307;0.585906407560107;0.706147854454023
852;0;1;0.285151060789307;0.785539584844351;0.894874413505012
853;0;1;0.285151060789307;0.742002544140308;0.853715944781961
854;1;1;0.428519671289306;0.812542286277294;0
855;1;1;0.428519671289306;0.885591714968799;0
856;0;1;0.428519671289306;0.833461751391537;0.171808652036551
857;0;1;0.428519671289306;0.675948394559828;0.248228913918478
858;0;1;0.428519671289306;0.677220280692408;0.266830760678719
859;0;1;0.428519671289306;0.804630263548323;0.266830760678719
860;0;1;0.111227493136928;0.629059202282794;0.372128639801203
861;0;1;0.111227493136928;0.819166886633248;0.226736963368334
862;0;1;0.111227493136928;0.668485086177984;0.226736963368334
863;0;1;0.111227493136928;0.829107924178122;0.372128639801203
864;0;1;0.310023751062942;0.565949644231019;0.407580241838737
865;0;1;0.481221288662984;0.662811517046415;0.407580241838737
866;0;1;0.240584525690958;0.552874769950164;0.407580241838737
867;0;1;0.218124258569586;0.56443349828447;0.407580241838737
868;0;1;0.218124258569586;0.78278604592622;0.407580241838737
869;1;1;0;0.716312283203038;0.434128523605419
870;0;1;0.218124258569586;0.709951828484312;0.518861831194183
871;0;1;0.218124258569586;0.725439044669483;0.31254276899755
872;1;1;0;0.709540119601679;0.524346573548602
873;0;1;0.177572417353207;0.709875287005865;0.519881508705193
874;0;1;0.111227493136928;0.720966267152501;0.372128639801203
875;0;1;0.218124258569586;0.718305113989917;0.407580241838737
876;0;1;0.302171352212497;0.561000167290791;0.518793197092557
877;0;1;0.270721861975211;0.768035993460714;0.54264453515769
878;0;1;0.271184227689446;0.766055294031109;0.516759669071405
879;0;1;0.301333206943008;0.559786494672311;0.681103521403682
880;0;1;0.269345840003523;0.773930647520337;0.61967910621763
881;0;1;0.297199191606805;0.586092606960325;0.706062224914648
882;0;1;0.285151060789307;0.667343054569039;0.668696699598028
883;1;1;0.182308296794566;0.77125046799196;0
884;1;1;0.182308296794566;0.959070441212053;0
885;0;1;0.182308296794566;0.917874653220632;0.135772065021676
886;0;1;0.182308296794566;0.780533772435792;0.135772065021676
887;1;1;0.18847993203239;1;0
888;0;1;0.18847993203239;0.862463008517673;0.312326084089838
889;1;1;0.18847993203239;1;0.312326084089838
890;1;1;0.18847993203239;0.957228593340305;0
891;0;1;0.18847993203239;0.916032805348884;0.135772065021676
892;1;1;0.637089574978796;0.188174798098077;1
893;1;1;0.637089574978796;0.301540505012837;1
894;0;1;0.650008102213315;0.410789274828273;0.805885195102091
895;0;1;0.651802491624519;0.240552693785856;0.778922558870922
896;0;1;0.651802491624519;0.412688121317679;0.778922558870922
897;0;1;0.818768035095811;0.147445216442287;0.805407743795492
898;1;1;0.818768035095811;0;0.819178418269416
899;0;1;0.818768035095811;0.143711020467059;0.819178418269416
900;0;1;0.818768035095811;0.182572317060903;0.675868782519604
901;1;1;0.818768035095811;0;0.675868782519604
902;0;1;0.508001331324881;0.67654152150326;0.786991504768748
903;1;1;0.50476854352638;0.901785636551847;1
904;1;1;0.507594393581685;0.691291371143873;1
905;0;1;0.506181358203829;0.803347937703406;0.906909594058825
906;0;1;0.507960752148429;0.678012352757466;0.808232368901686
907;1;1;1;0.733011707402361;0.829691517579431
908;1;1;1;0.800126355790032;0.737031128951668
909;0;1;0.808558393689825;0.845588741747789;0.940275746143129
910;0;1;0.915165245677039;0.906966770158797;0.707403514170926
911;0;1;0.874770904554861;0.883710056628429;0.795640997980093
912;1;1;1;0.789800535956478;0.549042315332628
913;0;1;0.88374322691575;0.792271857014361;0.549042315332628
914;1;1;1;0.789892479025237;0.375874311393717
915;0;1;0.882707057989889;0.792385826379034;0.375874311393717
916;0;1;0.828163916387571;0.793545273788668;0.375874311393717
917;0;1;0.828202879695572;0.793452502459835;0.549042315332628
918;0;1;0.914483608161113;0.637197316590239;0.671786423525085
919;0;1;0.768601614635714;0.824432380729994;0.621829038484527
920;0;1;0.743371378054889;0.613935584577803;0.67799303502809
921;0;1;0.731632224974322;0.803490008938473;0.627416806652089
922;0;1;0.820191138297753;0.853656747022583;0.614031498391527
923;0;1;0.800299664732244;0.784437958332452;0.743115295896307
924;1;1;1;0.784437958332452;0.741483428490044
925;1;1;1;0.784437958332452;0.549042315332628
926;0;1;0.888101418391785;0.784437958332452;0.549042315332628
927;0;1;0.85034371946969;0.784437958332452;0.632500206133432
928;1;1;0.641546821656786;1;0.696138367094738
929;1;1;0.641546821656786;1;0.527779876104558
930;0;1;0.641546821656786;0.945362445719415;0.700374025646566
931;0;1;0.641546821656786;0.866578674773883;0.527779876104558
932;0;1;0.641546821656786;0.828585790538527;0.709426883972374
933;0;1;0.641546821656786;0.828585790538527;0.527779876104558
934;1;1;0;0.442818490352421;0.284496082239363
935;0;1;0.295219893855763;0.558134518866347;0.284496082239363
936;1;1;0;0.575304546590328;0.284496082239363
937;0;1;0.191712488509105;0.611402539790836;0.284496082239363
938;0;1;0.0925258145026498;0.443452214377814;0.284496082239363
939;0;1;0.324727505485485;0.715887545193716;0.140132889660826
940;0;1;0.331301119830675;0.57921504803177;0.138281570775192
941;0;1;0.208838801753388;0.632885473055007;0.172770482100035
942;0;1;0.153534819448874;0.657123036759196;0.188345674302483
943;0;1;0.459424907817386;0.651870609118278;0.102198226675108
944;1;1;1;0;0.541238728564103
945;1;1;1;0.125812555389471;0.541238728564103
946;1;1;0.837776066756239;0;0.541238728564103
947;0;1;0.837776066756239;0.209297865851469;0.541238728564103
948;0;1;0.74954463399461;0.253869210456484;0.544318720215467
949;1;1;0.710244108834705;0;0.544318720215467
950;0;1;0.710244108834705;0.252923265757515;0.544318720215467
951;0;1;0.710244108834705;0.10711484210533;0.544318720215467
952;1;1;0.837776066756239;0;0.544318720215467
953;0;1;0.837776066756239;0.208462664028201;0.544318720215467
954;1;1;1;0.304207017220159;0.325456633322337
955;1;1;1;0.18432622028686;0.325456633322337
956;0;1;0.777462606959262;0.298850649425766;0.325456633322337
957;0;1;0.819251123779451;0.299856478884864;0.325456633322337
958;0;1;0.736783051987988;0.546184483534328;0.406283675476812
959;0;1;0.78647913261682;0.439331492188634;0.411319139468302
960;0;1;0.968972650896133;0.440615248895947;0.410835647847946
961;0;1;0.65983819429048;0.535211863453062;0.406990317734187
962;0;1;0.65983819429048;0.438440632307529;0.411654657316015
963;0;1;0.328032051405473;0.497077131236019;0.447387403804789
964;0;1;0.503339812575865;0.521947257746563;0.445251036359504
965;0;1;0.448459878932243;0.434281000639918;0.450412633453199
966;0;1;0.65983819429048;0.5441489818799;0.44334388720819
967;0;1;0.65983819429048;0.435796956076753;0.449438038379439
968;1;1;1;0.411499885793262;0.191942765827426
969;0;1;0.905099254441213;0.455130359168871;0.197133465298048
970;0;1;0.819251123779451;0.454213826897698;0.201829022153329
971;1;1;1;0.331237410492792;0.191942765827426
972;0;1;0.819251123779451;0.324885361741409;0.201829022153329
973;0;1;0.765847373073162;0.42635503823537;0.594758821545224
974;0;1;0.755880307719106;0.52362961137427;0.637050344445085
975;0;1;0.776559727101367;0.429712993047896;0.547815593459075
976;0;1;0.71229892010269;0.409569438648005;0.829416604030257
977;0;1;0.72382156373236;0.413181391401564;0.778922558870922
978;0;1;0.668536376398866;0.281880643650641;0.594758821545224
979;0;1;0.668536376398866;0.347020891610198;0.354539734022157
980;0;1;0.668536376398866;0.291460769801299;0.559429985159835
981;0;1;0.668536376398866;0.442496497996643;0.354539734022157
982;0;1;0.668536376398866;0.438501819958073;0.411631612672012
983;0;1;0.668536376398866;0.425688539735909;0.594758821545224
984;0;1;0.668536376398866;0.428865063276482;0.549359994717188
985;0;1;0.792013462641007;0.322294988584198;0.211385649565043
986;0;1;0.540682995030134;0.451637199055228;0.211385649565043
987;0;1;0.65983819429048;0.452453311973852;0.211385649565043
988;0;1;0.819251123779451;0.453545156492254;0.211385649565043
989;0;1;0.819251123779451;0.322950585960096;0.211385649565043
990;0;1;0.489504259142976;0.666969235616073;0.523630251913308
991;0;1;0.604603696779117;0.608191388394726;0.431614460826786
992;0;1;0.345617769810488;0.555953971716096;0.676518628237909
993;0;1;0.520379428175725;0.54307114931584;0.52113616029818
994;0;1;0.32398273597762;0.572548649357119;0.692676544555096
995;1;1;0.582978788248006;0;1
996;1;1;0.577868523134152;0.157482630769608;1
997;1;1;0.582978788248006;0;0.828619579722553
998;0;1;0.576743538389545;0.1921511955523;0.828624416036657
999;1;1;0.590300100085752;0;0.675868782519604
1000;0;1;0.568206681650539;0.22287167994419;0.675868782519604
1001;0;1;0.570159242034652;0.203174845148077;0.773391424558027
1002;0;1;0.578119394897712;0.122875246133778;0.675868782519604
1003;1;1;0.590300100085752;0;0.828611720110118
1004;0;1;0.571265213269184;0.192018143991447;0.828630298442599
1005;0;1;0.57941593591525;0.109796135015568;0.828622343216138
1006;0;1;0.0464006475559933;0.415559473084056;0.678623618715343
1007;1;1;0;0.389306389744729;0.6786359272201
1008;1;1;0;0.208634999943621;0.6786359272201
1009;0;1;0.128193865245911;0.416121205965841;0.67860192177226
1010;0;1;0.145841257114235;0.212153160981292;0.67859724052279
1011;0;1;0.272523368145616;0.417242506081197;0.676704455163294
1012;0;1;0.272523368145616;0.215585539974444;0.676704455163294
1013;0;1;0.234279851313085;0.214595415000252;0.677048345706928
1014;0;1;0.128190237526537;0.416163135041477;0.678002316941287
1015;0;1;0.145828085507115;0.212305398035564;0.677843715179918
1016;1;1;0;0.126988830185726;0.423968097067125
1017;0;1;0.236035493741532;0.121614289843518;0.423968097067125
1018;1;1;0;0.126988830185726;0.562286573714579
1019;0;1;0.235902553203016;0.121617316906423;0.56173990518207
1020;1;1;0;0.280234114534181;1
1021;1;1;0;0.280234114534181;0.790171647073096
1022;1;1;0.13625244601581;0.280234114534181;1
1023;0;1;0.13625244601581;0.280234114534181;0.790171647073096
1024;1;1;0.122830726140084;0;0.711984048533562
1025;1;1;0.122830726140084;0;0.56200411008973
1026;0;1;0.114920062080553;0.20464961570662;0.711984048533562
1027;0;1;0.11374757448384;0.234981978992731;0.562021041529663
1028;0;1;0.114659091586799;0.211400946676509;0.678605512084782
1029;0;1;0.118025897106396;0.124301374433337;0.562013066526576
1030;1;1;0.272523368145616;0.287648981193177;1
1031;0;1;0.272523368145616;0.287648981193177;0.790171647073096
1032;0;1;0.139309330391102;0.287648981193177;0.790171647073096
1033;1;1;0.135706831166484;0.287648981193177;1
1034;0;1;0.135706831166484;0.287648981193177;0.790171647073096
1035;1;1;0.366830665233168;0.354856877050607;0
1036;0;1;0.367199199020068;0.313906933614385;0.202311878788093
1037;1;1;0.369476216813033;0.168183176173725;0
1038;0;1;0.36926440539306;0.168183176173725;0.202311878788093
1039;1;1;0.369153552227506;0;0
1040;1;1;0.369153552227506;0;0.202311878788093
1041;0;1;0.369153552227506;0.146617925057007;0.202311878788093
1042;1;1;0.369153552227506;0.168183176173725;0
1043;0;1;0.369153552227506;0.168183176173725;0.202311878788093
1044;1;1;0.1241800373076;0;0
1045;1;1;0.1241800373076;0;0.202032630989333
1046;1;1;0.1241800373076;0.163713186446594;0
1047;0;1;0.1241800373076;0.163713186446594;0.202032630989333
1048;0;1;0.1241800373076;0.142529479433763;0.202032630989333
1049;1;1;0.121863876341448;0.348960644508351;0
1050;0;1;0.122345159048976;0.308069949669515;0.202032630989333
1051;1;1;0.12439995388636;0.163713186446594;0
1052;0;1;0.124321434186548;0.163713186446594;0.202032630989333
1053;0;1;0.122329955128159;0.263137899528761;0.423968097067125
1054;0;1;0.122396989134785;0.2787811779761;0.346707690113789
1055;0;1;0.123871227494452;0.142529479433763;0.423968097067125
1056;0;1;0.124638034661516;0.142529479433763;0.202032630989333
1057;0;1;0.122522514604484;0.308074218532256;0.202032630989333
1058;0;1;0.124367325019446;0.163713186446594;0.202032630989333
1059;1;1;0.123983945915816;0;0.423968097067125
1060;0;1;0.123983945915816;0.124165709355261;0.423968097067125
1061;1;1;0.123983945915816;0;0.202032630989333
1062;0;1;0.123983945915816;0.142529479433763;0.202032630989333
1063;0;1;0.123983945915816;0.142529479433763;0.423968097067125
1064;0;1;0.123983945915816;0.142529479433763;0.391344229613488
1065;1;1;0.368960327736944;0;0.423968097067125
1066;0;1;0.368960327736944;0.146617925057007;0.423968097067125
1067;1;1;0.368960327736944;0;0.202311878788093
1068;0;1;0.368960327736944;0.146617925057007;0.202311878788093
1069;0;1;0.168742466439793;0.439621332512148;0.346707690113789
1070;0;1;0.169632567871193;0.424743401660195;0.559429985159835
1071;0;1;0.180857395702532;0.237121849319573;0.559429985159835
1072;0;1;0.17921901381049;0.264507191752489;0.423968097067125
1073;0;1;0.178284566096034;0.280126365017485;0.346707690113789
1074;0;1;0.367266901004924;0.26903341376403;0.423968097067125
1075;0;1;0.367350087030729;0.294897131632084;0.296226793501143
1076;0;1;0.367411245076723;0.313912037460769;0.202311878788093
1077;0;1;0.369368273875661;0.168183176173725;0.202311878788093
1078;0;1;0.369657878948527;0.146617925057007;0.202311878788093
1079;0;1;0.36891084877697;0.146617925057007;0.423968097067125
1080;0;1;0.368960327736944;0.146617925057007;0.409286870565469
1081;0;1;0.246464721073982;0.129150850329345;0.423968097067125
1082;0;1;0.468175737033242;0.126409732387911;0.423968097067125
1083;0;1;0.468175737033242;0.126409732387911;0.561870609164236
1084;0;1;0.235777342431467;0.129282983436116;0.562357311553851
1085;0;1;0.468175737033242;0.126409732387911;0.548711414740951
1086;0;1;0.235910856130469;0.129281332743234;0.423968097067125
1087;0;1;0.235777937937379;0.129282976073595;0.561740059571649
1088;0;1;0.368960327736944;0.127636379324294;0.423968097067125
1089;0;1;0.272523368145616;0.402629060485769;0.885559600567992
1090;0;1;0.280568335412409;0.402684161746621;0.885559600567992
1091;0;1;0.417430470078734;0.332250794889827;0.885559600567992
1092;0;1;0.272523368145616;0.173302016747786;0.885559600567992
1093;0;1;0.417430470078734;0.176789860850603;0.885559600567992
1094;0;1;0.272523368145616;0.287648981193177;0.885559600567992
1095;1;1;0.610468015016704;0;0.423968097067125
1096;0;1;0.610468015016704;0.148472899505012;0.423968097067125
1097;0;1;0.610468015016704;0.1252763742649;0.423968097067125
1098;1;1;0.610468015016704;0;0.211984048533562
1099;0;1;0.610468015016704;0.14847428831407;0.211984048533562
1100;0;1;0.613501342034195;0.317877139717943;0.211984048533562
1101;0;1;0.61352291076335;0.169847056317682;0.211984048533562
1102;0;1;0.612053693758344;0.274925313885989;0.423968097067125
1103;0;1;0.612926044669375;0.300808026572477;0.296226793501143
1104;0;1;0.613526035379616;0.148402250589565;0.211984048533562
1105;0;1;0.612072124018278;0.148435111541357;0.423968097067125
1106;1;1;0.866245002445992;0;0.423968097067125
1107;0;1;0.866245002445992;0.130573483082957;0.423968097067125
1108;1;1;0.850061272709342;0.349743321362473;0
1109;0;1;0.850061272709342;0.295970150591883;0.198300473522196
1110;1;1;0.850061272709342;0.156572877853495;0
1111;0;1;0.850061272709342;0.156572877853495;0.198300473522196
1112;0;1;0.364748425647362;0.418526679442355;0.667378802481147
1113;0;1;0.283362972480403;0.417969257524303;0.667378802481147
1114;0;1;0.43159655049232;0.384124625781766;0.667378802481147
1115;0;1;0.43159655049232;0.221302368868854;0.667378802481147
1116;0;1;0.272523368145616;0.417895015349515;0.667378802481147
1117;0;1;0.272523368145616;0.217473554038092;0.667378802481147
1118;0;1;0.843680923514716;0.238059344829659;0.423968097067125
1119;0;1;0.843680923514716;0.130573483082957;0.198300473522196
1120;0;1;0.843680923514716;0.264772714035086;0.325456633322337
1121;0;1;0.843680923514716;0.130573483082957;0.423968097067125
1122;0;1;0.843680923514716;0.29925367000063;0.198300473522196
1123;0;1;0.843680923514716;0.156572877853495;0.198300473522196
1124;1;1;0.36358701857279;0;0.711984048533562
1125;0;1;0.343251141922251;0.210145434749936;0.711984048533562
1126;0;1;0.340322217751968;0.240412142878179;0.562136517619068
1127;1;1;0.36358701857279;0;0.562091746369689
1128;0;1;0.351214352002095;0.127855781198687;0.562115556577426
1129;0;1;0.34237928649369;0.219154952324352;0.667378802481147
1130;0;1;0.350256632238127;0.197881895316489;0.773391424558027
1131;1;1;0.35547239480586;0;0.848274023223931
1132;0;1;0.350655999306507;0.182730225471126;0.848279030943248
1133;1;1;0.35547239480586;0;0.711984048533562
1134;0;1;0.349929153701643;0.210306171274872;0.711984048533562
1135;0;1;0.352434797657884;0.11524402674463;0.711984048533562
1136;0;1;0.00917089169550438;0.396555566588774;0.22638532483299
1137;1;1;0;0.391366598222723;0.226422329835292
1138;1;1;0;0.300066625334665;0.227018749690404
1139;0;1;0.178873472010619;0.421085388863959;0.226167572794588
1140;0;1;0.189083849331993;0.304636799574176;0.226924816574818
1141;0;1;0.122500888518242;0.303027483213332;0.226957893672498
1142;1;1;0;0.527130705435058;0.762930570147884
1143;1;1;0;0.4093427703912;0.762930570147884
1144;0;1;0.0806616757093617;0.538815469089726;0.762930570147884
1145;0;1;0.17715703744326;0.48915605650236;0.762930570147884
1146;0;1;0.0365341148991801;0.40959299835712;0.762930570147884
1147;0;1;0.307212970313542;0.406034481063519;0.840285079245217
1148;1;1;0.293095642087662;0.553672923697512;1
1149;1;1;0.30828084836071;0.394866656013034;1
1150;0;1;0.293029058646998;0.554369250603539;0.838887955646649
1151;0;1;0.824084704732703;0.486163376569242;0.110692651203768
1152;0;1;0.868063246078791;0.492279908974141;0.109658392741419
1153;0;1;0.718915809911151;0.533573174626635;0.102676019950437
1154;0;1;0.715794629247374;0.658278274718121;0.0815893491818157
1155;0;1;0.877592747917273;0.658278274718121;0.0815893491818157
1156;1;1;1;0.521891381024311;0.152364946431519
1157;1;1;1;0.669148303945523;0.11857871802626
1158;0;1;0.85058957352015;0.679346359715202;0.116238903811153
1159;0;1;0.832189036371127;0.498879996786675;0.157644615925835
1160;0;1;0.84844144976813;0.658278274718121;0.121072708006244
1161;1;1;0.531152302188215;0.517052101531612;1
1162;0;1;0.546514394190054;0.526850630634849;0.836391095241344
1163;0;1;0.398561776366719;0.526753218024472;0.838017622072629
1164;1;1;0.383856409185674;0.517052101531612;1
1165;0;1;0.381043978756707;0.526741684234679;0.838210205132374
1166;0;1;0.546131498139598;0.526606404907425;0.840469003604612
1167;0;1;0.712371005911122;0.795067309642543;0.0841332295556741
1168;0;1;0.862917649196742;0.848039778264201;0.0841332295556741
1169;0;1;0.777605004856705;0.831976060771129;0.0841332295556741
1170;0;1;0.854647581458134;0.84648258785205;0.0841332295556741
1171;0;1;0.715794629247374;0.658278274718121;0.0841332295556741
1172;0;1;0.874403403057407;0.677720939271446;0.0841332295556741
1173;0;1;0.875714553725035;0.658278274718121;0.0841332295556741
1174;1;1;1;0.853791728360489;0.120587087764153
1175;0;1;0.837676352614181;0.823227428845193;0.120587087764153
1176;0;1;0.864126541998976;0.828207796916098;0.120587087764153
1177;1;1;1;0.669148303945523;0.120587087764153
1178;0;1;0.847364383149458;0.679566496100882;0.120587087764153
1179;1;1;0.806167893026608;1;0.277583246308961
1180;1;1;0.806230156087461;1;0.141493792946212
1181;0;1;0.845314448603152;0.869404068596752;0.277583246308961
1182;0;1;0.845208784810302;0.869964285544167;0.141493792946212
1183;1;1;0.839898299374207;0.890001731068433;0
1184;1;1;0.813437256808769;1;0
1185;0;1;0.844677130447863;0.870136181768226;0.0377364194741836
1186;1;1;0.813437256808769;1;0.141493792946212
1187;0;1;0.844777220028232;0.869720110460702;0.141493792946212
1188;0;1;0.842725954549587;0.878247198961166;0.141493792946212
1189;1;1;1;0;0.099150236761098
1190;1;1;1;0.156572877853495;0.0991502367610979
1191;0;1;0.866245002445992;0.156572877853495;0.099150236761098
1192;1;1;0.866245002445992;0;0.0991502367610979
1193;1;1;0.120358784854868;0;1
1194;1;1;0.117948030875749;0.146412566188312;1
1195;0;1;0.117441587490488;0.177170443726804;0.8480143940771
1196;1;1;0.120358784854868;0;0.848011809944771
1197;1;1;0;1;0.632605552467678
1198;0;1;0.105291918879905;0.850130248659661;0.640002411329078
1199;0;1;0.156222982455264;0.826983353778645;0.641144832084322
1200;1;1;0.156421718732132;1;0.632605552467678
1201;1;1;0;0.897982793001828;0.637640637098505
1202;1;1;1;0.611163399434457;1
1203;1;1;0.86453617792457;0.611186087765874;1
1204;1;1;1;0.6234706078862;0.841983552344147
1205;0;1;0.86453617792457;0.623221391838219;0.845474625425671
1206;1;1;1;0.495751520170425;0.771245260693279
1207;1;1;1;0.671187807145687;0.771245260693279
1208;0;1;0.940288847903007;0.479019984055434;0.781219172876118
1209;0;1;0.86453617792457;0.514429026461403;0.793872596088473
1210;0;1;0.988938941197701;0.672888073937531;0.773092855744939
1211;0;1;0.86453617792457;0.659975381626289;0.793872596088473
1212;0;1;0.815724465456823;0.665245925098235;0.844074093880097
1213;0;1;0.605109493928184;0.636711895837635;0.852111682999037
1214;0;1;0.703912244154764;0.59250834199883;0.864563131762489
1215;0;1;0.823800555766667;0.538871278001856;0.879671852581991
1216;0;1;0.809098736000054;0.545448753629727;0.877819080719531
1217;0;1;0.86453617792457;0.671858915721389;0.842211317999731
1218;0;1;0.86453617792457;0.526063909789309;0.88327948760778
1219;0;1;0.86453617792457;0.622390255789225;0.856145864683199
1220;1;1;0;0.909708433301574;0.809132847316341
1221;1;1;0;0.776399798632236;0.892426755091467
1222;0;1;0.177572417353207;0.778855839790854;0.890892171332018
1223;0;1;0.177572417353207;0.83205149571815;0.857654458937499
1224;0;1;0.155133762024092;0.841864490789806;0.851523102866501
1225;1;1;0;0.770571199388918;0.683347067010267
1226;0;1;0.177572417353207;0.770571199388918;0.683347067010267
1227;1;1;0;0.770571199388918;0.805296822630021
1228;0;1;0.177572417353207;0.770571199388918;0.805296822630021
1229;1;1;0;0.76293873586096;0.226736963368334
1230;0;1;0.111227493136928;0.76293873586096;0.226736963368334
1231;1;1;0;0.76293873586096;0.434128523605419
1232;0;1;0.111227493136928;0.76293873586096;0.372128639801203
1233;0;1;0.177572417353207;0.821317489881929;0.700665301988468
1234;0;1;0.27662593446099;0.777667208985734;0.722881032485553
1235;0;1;0.200410762756938;0.663254947711203;0.781110943263943
1236;0;1;0.177572417353207;0.662913898040571;0.781284519869026
1237;0;1;0.285151060789307;0.773910409936371;0.724793048479467
1238;0;1;0.285151060789307;0.664520391867612;0.780466897778766
1239;0;1;0.177572417353207;0.770571199388918;0.726492533570333
1240;0;1;0.482742184190538;0.678859039777986;0.628012112765724
1241;0;1;0.474892230143998;0.680848972009794;0.629174826208604
1242;0;1;0.27662593446099;0.857436296931831;0.658541480572945
1243;0;1;0.480965401801348;0.857436296931831;0.628275284850138
1244;0;1;0.382996493128488;0.723684889987917;0.642786168152499
1245;0;1;0.27662593446099;0.773268044488316;0.658541480572945
1246;0;1;0.285151060789307;0.76929417557978;0.657278762482441
1247;1;1;0.27662593446099;1;0.631105327269517
1248;0;1;0.177572417353207;0.817657287287209;0.647133365414637
1249;0;1;0.156029259103019;0.827422464382011;0.646275000259041
1250;1;1;0.156478278197125;1;0.631105327269517
1251;0;1;0.156377011946744;0.961078982694741;0.634526508959394
1252;0;1;0.27662593446099;0.857436296931831;0.643636765663138
1253;0;1;0.27662593446099;0.772757875363145;0.651080051719265
1254;0;1;0.106878900725847;0.838001972878556;0.473205569794065
1255;0;1;0.106878900725847;0.841191695171975;0.519856542542342
1256;0;1;0.106878900725847;0.831256657102939;0.374552610859033
1257;0;1;0.106878900725847;0.70974185320565;0.521659099732306
1258;0;1;0.106878900725847;0.720784313224446;0.374552610859033
1259;0;1;0.106878900725847;0.76293873586096;0.374552610859033
1260;1;1;0;0.615661784064054;0.63262348468093
1261;0;1;0.177572417353207;0.524277682496598;0.63262348468093
1262;1;1;0;0.702030103426847;0.63262348468093
1263;0;1;0.177572417353207;0.702030103426847;0.63262348468093
1264;0;1;0.112447308001053;0.8391942046155;0.527779876104558
1265;0;1;0.114871297674077;0.702030103426847;0.521564087864554
1266;0;1;0.0372179481280535;0.702030103426847;0.720689019078816
1267;0;1;0.0718108448559726;0.864849598212337;0.631983145839357
1268;0;1;0.0517803017169657;0.770571199388918;0.683347067010267
1269;0;1;0.115601306763683;0.837202961446272;0.519692140155879
1270;0;1;0.114913027335345;0.709757017595485;0.521457081328737
1271;0;1;0.0715611299880786;0.702030103426847;0.63262348468093
1272;1;1;0.315909688576829;1;0.178756248734798
1273;0;1;0.298808254833559;0.870064481348126;0.178756248734798
1274;0;1;0.315909688576829;0.864960770884027;0.178756248734798
1275;1;1;0.18847993203239;1;0.178756248734798
1276;0;1;0.18847993203239;0.902990598773126;0.178756248734798
1277;1;1;0;1;0.195698279532523
1278;1;1;0;0.954099563637345;0.195698279532523
1279;1;1;0.18847993203239;1;0.195698279532523
1280;0;1;0.18847993203239;0.897850069248324;0.195698279532523
1281;0;1;0.413497300573224;0.795309370076234;0.312326084089838
1282;0;1;0.413497300573224;0.729936653410483;0.527779876104558
1283;0;1;0.413497300573224;0.857436296931831;0.527779876104558
1284;0;1;0.413497300573224;0.881343250979023;0.527779876104558
1285;0;1;0.413497300573224;0.881343250979023;0.312326084089838
1286;1;1;0.419910675183444;1;0.312326084089838
1287;1;1;0.419910675183444;1;0.171808652036551
1288;0;1;0.419910675183444;0.836030999337088;0.171808652036551
1289;0;1;0.419910675183444;0.807199511493874;0.266830760678719
1290;0;1;0.419910675183444;0.793395378091717;0.312326084089838
1291;0;1;0.419910675183444;0.881343250979023;0.312326084089838
1292;1;1;0;0.883883610723992;0.427114290472676
1293;1;1;0;1;0.427114290472676
1294;0;1;0.15393660270876;0.838412218164649;0.425568326944611
1295;1;1;0.161359314642153;1;0.425493781698539
1296;0;1;0.161359314642153;0.836219620418311;0.425493781698539
1297;1;1;0.292684250091375;1;0.426497044255964
1298;0;1;0.292684250091375;0.796722916117199;0.426497044255964
1299;0;1;0.292684250091375;0.881343250979023;0.426497044255964
1300;1;1;0.16135664748122;1;0.426497044255964
1301;0;1;0.16135664748122;0.835916007744982;0.426497044255964
1302;1;1;0.268724052343012;0.782453995154203;0
1303;0;1;0.268724052343012;0.737437633620454;0.0818071905821182
1304;0;1;0.268724052343012;0.741127437989384;0.135772065021676
1305;1;1;0.268724052343012;0.933280732438123;0
1306;0;1;0.268724052343012;0.892084944446703;0.135772065021676
1307;1;1;0.0945112637967943;0.811286676941993;0
1308;1;1;0.0945112637967943;0.985272375082297;0
1309;0;1;0.0938529564757095;0.944273050733262;0.135772065021676
1310;0;1;0.0938529564757095;0.820870175237034;0.135772065021676
1311;1;1;0.421744964698573;1;0
1312;1;1;0.421744964698573;0.887613541994379;0
1313;1;1;0.421744964698573;1;0.171808652036551
1314;0;1;0.421744964698573;0.835483578417118;0.171808652036551
1315;0;1;0.144934245995464;0.875458677584336;0.312326084089838
1316;0;1;0.144934245995464;0.818439899467774;0.440905284428057
1317;0;1;0.144934245995464;0.803796314822402;0.226736963368334
1318;0;1;0.144934245995464;0.812452693517444;0.353339986908758
1319;0;1;0.144934245995464;0.910845738314987;0.195698279532523
1320;0;1;0.144934245995464;0.836445339484234;0.440905284428057
1321;0;1;0.144934245995464;0.84107142779294;0.425658736339781
1322;0;1;0.144934245995464;0.929028474415548;0.135772065021676
1323;0;1;0.144934245995464;0.797576663932365;0.135772065021676
1324;1;1;0.901160875055829;0.0522757724104937;1
1325;1;1;0.901160875055829;0.165264121863511;1
1326;0;1;0.901160875055829;0.203765381860662;0.809826957610302
1327;0;1;0.901160875055829;0.204660068604529;0.805407743795492
1328;0;1;0.901160875055829;0.105043385304511;0.805407743795492
1329;0;1;0.901160875055829;0.101309189329282;0.819178418269416
1330;1;1;0.397090192740119;0.899311979233434;1
1331;0;1;0.397090192740119;0.81764159283289;0.922791535898899
1332;0;1;0.397090192740119;0.73078915279238;0.84068413082219
1333;1;1;0.397090192740119;0.741682245683581;1
1334;1;1;0.374087045656239;1;1
1335;1;1;0.374087045656239;1;0.748769358639664
1336;1;1;0.377961084898411;0.898872532889189;1
1337;0;1;0.381079930307528;0.817458557237927;0.92296620430737
1338;1;1;0;1;0.869325805940097
1339;1;1;0.155133762024092;1;0.869102648995911
1340;1;1;0;0.914087782801616;0.873182596914656
1341;0;1;0.155133762024092;0.843546706585779;0.876126186155785
1342;1;1;0.330663052753679;0.633311887382169;1
1343;0;1;0.330663052753679;0.611589154517262;0.911638311069239
1344;0;1;0.330663052753679;0.731602346269441;0.842895533631104
1345;0;1;0.330663052753679;0.763279261933413;0.872841835022168
1346;1;1;0.330663052753679;0.771973597972419;1
1347;0;1;0.27662593446099;0.851115016905984;0.755856132276259
1348;0;1;0.478068260528971;0.851115016905984;0.890848297152667
1349;0;1;0.27662593446099;0.851115016905984;0.890848297152667
1350;0;1;0.27662593446099;0.851115016905984;0.744580786389801
1351;0;1;0.479717103682202;0.851115016905984;0.744580786389801
1352;0;1;0.478670314033756;0.851115016905984;0.837440629286678
1353;0;1;0.379790602598333;0.851115016905984;0.890848297152667
1354;0;1;0.27662593446099;0.78967565162023;0.898509340707539
1355;1;1;0.27662593446099;1;0.846640561588155
1356;0;1;0.177572417353207;0.834095901515879;0.88755471682298
1357;1;1;0.155133762024092;1;0.846640561588155
1358;0;1;0.155133762024092;0.84415844857271;0.885073159006732
1359;0;1;0.155133762024092;0.888647781402082;0.874101498352737
1360;0;1;0.27662593446099;0.861700015128115;0.880747175600249
1361;0;1;0.27662593446099;0.851115016905984;0.883357576816238
1362;1;1;0;0.723352458986499;1
1363;1;1;0.200410762756938;0.723352458986499;1
1364;0;1;0.200410762756938;0.729785462622857;0.844006676938958
1365;0;1;0.200410762756938;0.727760389596482;0.893112489508382
1366;1;1;0;0.729612707634045;0.848195797030214
1367;0;1;0.177572417353207;0.729765775865267;0.844484059342306
1368;0;1;0.652393145015746;0.757595518713242;0.860481414190815
1369;1;1;0.623398440502838;0.740554978773591;1
1370;1;1;0.540528016148546;0.902607126484675;1
1371;0;1;0.616329728652937;0.804344796539667;0.905459835092292
1372;1;1;0.826810161793499;1;1
1373;1;1;0.854480192468449;0.909819440686322;1
1374;1;1;0.864737574578046;1;0.795640997980093
1375;0;1;0.86907190269984;0.879685819939842;0.971195781596228
1376;0;1;0.896624860053754;0.896074808410038;0.795640997980093
1377;1;1;0.628265341718454;0.676422973025508;1
1378;0;1;0.780590461409858;0.635017343862446;0.741815953347359
1379;0;1;0.737810201478999;0.682363882953292;0.787504878754492
1380;0;1;0.718060595865338;0.652014464426656;0.847801189109105
1381;0;1;0.663950241861311;0.764107506553034;0.86638663849603
1382;1;1;0.606652722700179;0.731080417335721;1
1383;0;1;0.639144659922112;0.749809223140634;0.924231327681226
1384;1;1;0.607728631041264;1;0.8263616052405
1385;0;1;0.595912306538639;0.852739667354879;0.951654151673485
1386;1;1;0.759129481238524;1;0.826361605240499
1387;0;1;0.777387124986531;0.854933863756803;0.949787277888583
1388;0;1;0.898814658587016;0.898437236540573;0.549042315332628
1389;0;1;0.899091698321828;0.897860143532159;0.710119281822404
1390;0;1;0.95046134548546;0.790853600795911;0.549042315332628
1391;0;1;0.9535412439781;0.784437958332452;0.741863069964286
1392;0;1;0.9535412439781;0.784437958332452;0.549042315332628
1393;1;1;1;0.647787336011749;0.664472667012674
1394;0;1;0.918471370872299;0.635976984267027;0.664472667012674
1395;0;1;0.902542943985031;0.664608512524378;0.664472667012674
1396;1;1;1;0.784437958332452;0.664472667012674
1397;0;1;0.835878861322745;0.784437958332452;0.664472667012674
1398;0;1;0.9535412439781;0.784437958332452;0.664472667012674
1399;1;1;1;0.954320386939025;0.848990828013731
1400;1;1;1;0.757594128144373;0.852930919681306
1401;0;1;0.959666014561283;0.756730064929437;0.852990019668958
1402;0;1;0.849495594340896;0.869158002238944;0.8508524388359
1403;0;1;0.88803435523766;0.890965023548264;0.850375747312856
1404;0;1;0.87096552078464;0.671700490610557;0.774532251281874
1405;0;1;0.87096552078464;0.881557008144601;0.795640997980093
1406;0;1;0.87096552078464;0.881924980521445;0.714871447690163
1407;0;1;0.87096552078464;0.784437958332452;0.742537844150555
1408;0;1;0.87096552078464;0.808890296588645;0.904226926141717
1409;0;1;0.87096552078464;0.881519137857172;0.803953486301092
1410;0;1;0.87096552078464;0.847248132607619;0.851269008938487
1411;1;1;0.83050802381904;0.705720132059821;1
1412;0;1;0.756400330788471;0.816128699561001;0.929196819532432
1413;1;1;0.766656342972751;0.73592458724201;1
1414;0;1;0.76684231310967;0.822083304950659;0.91896046114967
1415;1;1;1;0.710620505872634;0.920059523616267
1416;0;1;0.86453617792457;0.706703958427502;0.983950704269617
1417;1;1;1;0.769791008633316;0.864461444402439
1418;0;1;0.898894153597677;0.792466893567673;0.888094245404257
1419;0;1;0.87096552078464;0.79873069023797;0.894622372560197
1420;1;1;1;0.670308530797961;0.454026850557087
1421;0;1;0.893743072252858;0.637401821255525;0.477468529295023
1422;0;1;0.828190029346148;0.793483099040393;0.491930394555893
1423;1;1;1;0.789850984152521;0.454026850557087
1424;1;1;1;1;0.661796018600892
1425;1;1;1;0.955173185554768;0.661802427427486
1426;0;1;0.841940300757614;0.865743298003268;0.662081999529474
1427;1;1;0.810517033024588;1;0.662115843868391
1428;0;1;0.899008904356585;0.898032609111918;0.661981057989396
1429;0;1;0.792130386882555;0.891904358529374;0.527779876104558
1430;0;1;0.704863465350261;0.891904358529374;0.704302947737042
1431;0;1;0.700364078506837;0.891904358529374;0.527779876104558
1432;0;1;0.641546821656786;0.891904358529374;0.527779876104558
1433;0;1;0.641546821656786;0.891904358529374;0.704518248556106
1434;1;1;0.378446435483199;1;0.716679127751773
1435;1;1;0.378446435483199;1;0.527779876104558
1436;0;1;0.378446435483199;0.857436296931831;0.743396152494754
1437;0;1;0.378446435483199;0.857436296931831;0.643460110083712
1438;0;1;0.378446435483199;0.857436296931831;0.527779876104558
1439;0;1;0.378446435483199;0.881343250979023;0.527779876104558
1440;1;1;0.513356486741421;1;0.402681561206759
1441;1;1;0.664964588515846;1;0.402681561206759
1442;0;1;0.708657810579848;0.866578674773883;0.402681561206759
1443;0;1;0.513356486741421;0.866578674773883;0.402681561206759
1444;0;1;0.513356486741421;0.881343250979023;0.402681561206759
1445;0;1;0.513356486741421;0.736729697530548;0.407171707440484
1446;0;1;0.5778470640032;0.717483285858414;0.407171707440484
1447;0;1;0.729402770915522;0.803232005221918;0.407171707440484
1448;0;1;0.708657810579848;0.866578674773883;0.407171707440484
1449;0;1;0.513356486741421;0.866578674773883;0.407171707440484
1450;0;1;0.482657151751483;0.801170949188063;0.527779876104558
1451;0;1;0.480579354931889;0.801170949188063;0.712099511406135
1452;0;1;0.513356486741421;0.801170949188063;0.527779876104558
1453;0;1;0.676161988747829;0.801170949188063;0.711434455604076
1454;0;1;0.676161988747829;0.801170949188063;0.527779876104558
1455;0;1;0.481525222691119;0.801170949188063;0.628192365731086
1456;0;1;0.403020368416398;0.881343250979023;0.312326084089838
1457;1;1;0.403020368416398;1;0.312326084089838
1458;1;1;0.403020368416398;1;0.527779876104558
1459;0;1;0.403020368416398;0.881343250979023;0.527779876104558
1460;1;1;0.477088187905801;1;0.846599414802967
1461;0;1;0.650544300097926;0.844817407108704;0.846599414802967
1462;0;1;0.47810648813759;0.897483565049109;0.846599414802967
1463;0;1;0.478629623387698;0.844817407108704;0.846599414802967
1464;0;1;0.478567068954164;0.851115016905984;0.846599414802967
1465;1;1;0.597723755628999;1;0.846599414802967
1466;0;1;0.60582000573337;0.976213855867543;0.846599414802967
1467;0;1;0.620106076106817;0.739984368942956;0.716368424823577
1468;0;1;0.488786154749226;0.944985162841865;0.700922718415041
1469;0;1;0.620379732741437;0.739557169270792;0.844123813075129
1470;0;1;0.579093782777591;0.804007805792359;0.905949929917935
1471;0;1;0.580911023477462;0.801170949188063;0.711758345337376
1472;0;1;0.552951866282674;0.844817407108704;0.846599414802967
1473;0;1;0.751644443415251;0.675111833175313;0.375874311393717
1474;0;1;0.751644443415251;0.622569416765678;0.549042315332628
1475;0;1;0.751644443415251;0.815169785010484;0.549042315332628
1476;0;1;0.751644443415251;0.815266653078614;0.527779876104558
1477;0;1;0.751644443415251;0.815958709076225;0.375874311393717
1478;0;1;0.738949489868876;0.702931938084178;0.549042315332628
1479;0;1;0.866220882396934;0.702931938084178;0.549042315332628
1480;0;1;0.737859811543333;0.702931938084178;0.654247348717939
1481;0;1;0.933445232131921;0.702931938084178;0.549042315332628
1482;0;1;0.885848774354997;0.702931938084178;0.654247348717939
1483;0;1;0.751644443415251;0.702931938084178;0.549042315332628
1484;0;1;0.900833924079838;0.900368641042003;0.375874311393717
1485;0;1;0.900509416241588;0.899492981720437;0.527779876104558
1486;0;1;0.951861967124027;0.790915770238087;0.375874311393717
1487;0;1;0.900463994415185;0.899370414432367;0.549042315332628
1488;0;1;0.951061586726072;0.790840841205409;0.549042315332628
1489;0;1;0.951451243263265;0.790877319594289;0.464737346170672
1490;1;1;0.674377691582923;1;0.691544234790698
1491;0;1;0.739792955236091;0.807815115682153;0.691544234790698
1492;0;1;0.79366806398851;0.83829711913295;0.691544234790698
1493;0;1;0.841968042841634;0.865624769251303;0.691544234790698
1494;1;1;0.810517033024588;1;0.691544234790698
1495;0;1;0.711170933214064;0.891904358529374;0.691544234790698
1496;1;1;0.284450227838003;0.724672861048014;0
1497;1;1;0.284450227838003;0.64082376022019;0
1498;0;1;0.284450227838003;0.599747954197874;0.151476129597811
1499;0;1;0.284450227838003;0.702061753468427;0.151476129597811
1500;0;1;0.284450227838003;0.731386212618444;0.0981854695651359
1501;0;1;0.718651387100815;0.544138046251053;0.255428003129446
1502;0;1;0.758156537955411;0.526123354702566;0.255428004110616
1503;0;1;0.669537082527488;0.592417027811147;0.633968998333041
1504;0;1;0.798901456745411;0.533425750323466;0.633968995120072
1505;0;1;0.502900738387597;0.642522213983002;0.255427997770955
1506;0;1;0.47036155196876;0.657360365309941;0.255427996962796
1507;0;1;0.486204208937602;0.676018409442973;0.633969002886402
1508;0;1;0.482687319573692;0.67762214151847;0.63396900297375
1509;0;1;0.428519671289307;0.676440625932746;0.25542799592359
1510;0;1;0.435432120993729;0.673288488892999;0.255427996095271
1511;0;1;0.320587891377731;0.725658454021611;0.255427993242942
1512;0;1;0.333834042870793;0.719618094013107;0.25542799357193
1513;0;1;0.334128371506065;0.720263532521693;0.266830760678719
1514;0;1;0.337761402183361;0.728230470226666;0.407580241838737
1515;0;1;0.340545800213533;0.734336426278966;0.515452322451414
1516;0;1;0.855244774348395;0.491863582905031;0.401876643544378
1517;0;1;0.855418547605291;0.49224469238021;0.408609470864827
1518;0;1;0.824095031542471;0.521937261543268;0.63396899449435
1519;0;1;0.860776717172907;0.50399592055142;0.616211210608111
1520;0;1;0.781337684248249;0.515552550866305;0.255428004686354
1521;0;1;0.497379593356415;0.67092233714898;0.633969002608844
1522;0;1;0.922522897031348;0.451170868871055;0.255428008192901
1523;0;1;0.851464957129205;0.483573905986887;0.25542800642807
1524;0;1;0.342027737649686;0.737586193287618;0.572864974250261
1525;0;1;0.343625928718602;0.741090894958945;0.634781479704033
1526;0;1;0.442524775068833;0.695936610411632;0.63396900397125
1527;0;1;0.343604957129139;0.741044905986743;0.63396900642808
1528;0;1;0.32875235395185;0.411752293703145;0.760674635600333
1529;0;1;0.327349280483411;0.40902594379568;0.773391424558027
1530;0;1;0.876624184738439;0.152797804025316;0.675868782519604
1531;0;1;0.886658347943005;0.172295457241366;0.58492391134226
1532;0;1;0.400680207448441;0.361148708285876;0.810781
1533;0;1;0.417430470078734;0.352528519833728;0.810781
1534;0;1;0.49188600545475;0.420649547595317;0.418267
1535;0;1;0.460862539241849;0.43661515548438;0.418267
1536;0;1;0.649682281681791;0.233004759009192;0.810781
1537;0;1;0.715554796701517;0.19910478347925;0.810781
1538;0;1;0.818768035095811;0.145988149707412;0.810781
1539;0;1;0.89147823770636;0.181661115067493;0.541238728564103
1540;0;1;0.363220547514031;0.478728370467897;0.44827136296852
1541;0;1;0.348985627759851;0.451068113875799;0.577289888666262
1542;0;1;0.765623748322171;0.27977587999589;0.418267
1543;0;1;0.668536376398866;0.329739958815119;0.418267
1544;0;1;0.35086102061782;0.493225242232918;0.418267
1545;0;1;0.366531;0.485161;0.418267
1546;0;1;0.314973499750842;0.38497823039077;0.885559600567992
1547;0;1;0.323224;0.40101;0.810781
1548;0;1;0.340066772016433;0.433737644675338;0.658126144774324
1549;0;1;0.843680923514716;0.239605312223105;0.418267
1550;1;1;1;0.15915881847488;0.418267
1551;0;1;0.904416984447215;0.206802742910328;0.423968097067125
1552;0;1;0.905046;0.208025;0.418267
1553;0;1;0.901160875055829;0.103586318569636;0.810781
1554;0;1;0.861739;0.123874;0.810781
1555;0;1;0.862331844093328;0.125025971350998;0.805407743795492
1556;0;1;0.226282969330391;0.517732650900301;0.591363995468184
1557;0;1;0.215161460923005;0.516121573506229;0.591363995212022
1558;0;1;0.0523179385728488;0.586149898393849;0.972174757079663
1559;1;1;0.0513473665470115;0.592849824702911;1
1560;0;1;0.787491507493851;0.599030111287516;0.591364008394544
1561;0;1;0.682120300363122;0.583765889603191;0.59136400596752
1562;0;1;0.7802666219558;0.599417018834331;0.597195124271748
1563;0;1;0.780470004851217;0.598012966511323;0.591364008232817
1564;0;1;0.44139282198826;0.54889376755505;0.591364000422826
1565;0;1;0.0596165830082802;0.535766847397452;0.762930570147884
1566;0;1;0.0586366029280748;0.542531718161228;0.791025531740545
1567;1;1;3.4079968315466e-16;0.484952980805402;0.591363990256191
1568;0;1;0.0656009951487838;0.494456033488675;0.591363991767184
1569;1;1;0.766217232204884;0.696406877672574;1
1570;0;1;0.771597019311607;0.659267556939673;0.845758106552174
1571;0;1;0.774885117769958;0.636568193410309;0.751486247462193
1572;0;1;0.775250367468575;0.634046694801643;0.74101430796379
1573;0;1;0.777491646637401;0.618574040540103;0.67675541892468
1574;0;1;0.958333234815345;0.62377848486867;0.591364012329554
1575;0;1;0.710244108834704;0.241911948068712;0.598707999572928
1576;0;1;0.742606756096165;0.242690901355737;0.598707999744668
1577;0;1;0.690893401334717;0.183116404101846;0.886822000537212
1578;0;1;0.70585503268518;0.183476523373485;0.886822000457814
1579;0;1;0.756726710388754;0.1847009801919;0.886822000187851
1580;1;1;1;0.248886232404434;0.598708001110585
1581;0;1;0.90520126366455;0.246604472612729;0.598708000607514
1582;0;1;0.90786280750057;0.188338753368863;0.886821999385808
1583;1;1;1;0.190556451284055;0.886821998896858
1584;0;1;0.803934845329388;0.244167038839461;0.59870800007012
1585;0;1;0.577125572947217;0.180378067182882;0.88682200114095
1586;0;1;0.571169244712901;0.203199155425753;0.773391424558027
1587;0;1;0.57069401004472;0.222931548739823;0.675868782519604
1588;0;1;0.571438426709653;0.192022350809792;0.828630112452949
1589;0;1;0.468175737033241;0.236085479288942;0.598707998288336
1590;0;1;0.570318000139055;0.238543994222769;0.598707998830377
1591;1;1;0.572273524179761;0.157347961841391;1
1592;0;1;0.571721999860944;0.180248005777244;0.886822001169626
1593;0;1;0.901160875055829;0.188177441077841;0.886821999421374
1594;0;1;0.796897717750403;0.423286344851047;0.641656
1595;0;1;0.875683731487743;0.423825962794847;0.641656
1596;1;1;1;0.424677424697959;0.641656
1597;0;1;0.527025723453625;0.45162738694595;0.210189
1598;0;1;0.411357199509797;0.450835154821338;0.210189
1599;0;1;0.385205562434959;0.449856386730742;0.221617605354682
1600;0;1;0.385241875593348;0.444636283752379;0.296226793501143
1601;0;1;0.385307361988756;0.435222458492487;0.430775453346435
1602;0;1;0.10122205177715;0.448710989848639;0.210189
1603;0;1;0.3852;0.450656;0.210189
1604;0;1;0.385369979643596;0.426221021519595;0.559429985159835
1605;1;1;1;0.454866863021372;0.210189
1606;0;1;0.90900142022164;0.454243599269605;0.210189
1607;0;1;0.75514552748194;0.423000377456671;0.641656
1608;0;1;0.645666449340436;0.422250537831167;0.641656
1609;0;1;0.541144695002122;0.451724090028568;0.210189
1610;0;1;0.65983819429048;0.452537040690622;0.210189
1611;0;1;0.819251123779451;0.453628885209024;0.210189
1612;0;1;0.385396472579674;0.422412598880009;0.61386249778187
1613;0;1;0.385441288066741;0.415970265910577;0.705940610916964
1614;0;1;0.38541;0.420468;0.641656
1615;0;1;0.731690706237383;0.703527444056556;0.301849001084719
1616;0;1;0.712167396794001;0.699851355162171;0.301848999742322
1617;0;1;0.835277881585249;0.723032111848732;0.301849008207239
1618;0;1;0.464960452141826;0.485309491940747;0.607141854824512
1619;0;1;0.478359304053905;0.414150659722371;0.741041961406067
1620;0;1;0.468028993376818;0.469013035174991;0.63780701935588
1621;0;1;0.565160487756605;0.487302155281379;0.637807012677222
1622;0;1;0.911259403248747;0.737338847536945;0.301849013431629
1623;1;1;1;0.754048018855691;0.301849019533317
1624;1;1;1;0.739854377100406;0.327642795764177
1625;0;1;0.997418993376828;0.753562035174938;0.30184901935585
1626;1;1;1;0.569179121318027;0.637806982778119
1627;0;1;0.80258664741695;0.532007691607711;0.637806996352051
1628;0;1;0.462870903400524;0.652910744328206;0.301848982601019
1629;0;1;0.237308887719054;0.610439152959621;0.301848967091669
1630;0;1;0.436253470299297;0.637766979927979;0.320261459879318
1631;0;1;0.434411006623169;0.647551964825069;0.301848980644154
1632;0;1;0.480004850504813;0.656136934685415;0.301848983779127
1633;0;1;0.456002773138942;0.532882073637667;0.517624172184236
1634;0;1;0.755708884307361;0.523180966091909;0.637806999575317
1635;0;1;0.763240286552808;0.524599071734327;0.637806999057466
1636;0;1;0.65515047257543;0.762239198838307;0.183631933716658
1637;0;1;0.513356486741422;0.80455584000934;0.183631974963032
1638;0;1;0.645822066453467;0.756838384820571;0.210607067571967
1639;0;1;0.648064936832087;0.764353788337939;0.183631935777766
1640;0;1;0.428519671289307;0.829874326237542;0.183631999641166
1641;0;1;0.195806569387295;0.860276464611692;0.312326084089838
1642;0;1;0.191746802314035;0.846673174475791;0.361152592014863
1643;0;1;0.315909688576829;0.863481366780846;0.183632032398221
1644;0;1;0.295946305446251;0.869439188726027;0.183632038205359
1645;0;1;0.18847993203239;0.901511183422828;0.183632069466193
1646;0;1;0.206507063167968;0.896131211662245;0.18363206422229
1647;0;1;0.419910675183444;0.832443573423252;0.183632002145432
1648;0;1;0.179858254037638;0.806837546327641;0.504135252389123
1649;0;1;0.186313621304326;0.828467908926755;0.426497044255963
1650;0;1;0.292684250091375;0.78090845146037;0.478617967980427
1651;0;1;0.181979936832072;0.813946788337886;0.478617935777749
1652;0;1;0.413497300573224;0.74485328663883;0.478618003123626
1653;0;1;0.553139848664007;0.703178690496838;0.478618043744121
1654;0;1;0.513356486741421;0.715051544179059;0.478618032171575
1655;0;1;0.751644443415251;0.643937442526987;0.478618101486944
1656;0;1;0.623538063167874;0.68216921166193;0.478618064222194
1657;0;1;0.63208078027359;0.710794123202147;0.375874311393716
1658;0;1;0.671734468602829;0.757289912696546;0.183631928892549
1659;0;1;0.0815328617466239;0.4368045725897;0.378428
1660;0;1;0.0996153580453477;0.44703547007354;0.378428
1661;0;1;0.15551556257117;0.478043511602572;0.514460514594441
1662;0;1;0.155433181045977;0.478189154002666;0.472261171597114
1663;0;1;0.805869848812231;0.846627272730095;0.378428
1664;0;1;0.831961901043837;0.861389897708118;0.378428
1665;0;1;0.479140572268209;0.66176708096957;0.378428
1666;0;1;0.352166795432528;0.589926574411109;0.378428
1667;0;1;0.272040397395119;0.544591851233096;0.378428
1668;0;1;0.155249999999999;0.478513;0.378428
1669;0;1;0.156166681077261;0.476892398391803;0.847991280214864
1670;0;1;0.156000625623987;0.477185968032652;0.762930570147884
1671;1;1;0.156463432384012;0.476367771390239;1
1672;0;1;0.968595482896238;0.936795074682207;0.795640997980094
1673;0;1;0.968405664859337;0.937130654223986;0.698408075580356
1674;0;1;0.96870038818655;0.936609612489951;0.849377977451826
1675;1;1;0.968994432384013;0.936089771390239;1
1676;0;1;0.96833431268263;0.937256797825276;0.661858436915082
1677;0;1;0.729366590315931;0.803342486054342;0.378428
1678;0;1;0.587787069413143;0.723238194023058;0.378428
1679;0;1;0.751644443415251;0.815947074903907;0.378428
1680;0;1;0.900828468769687;0.90035392030918;0.378428
1681;1;1;1;0.956464191400697;0.378428
1682;0;1;0.968072564618545;0.937719542550918;0.527779876104558
1683;0;1;0.967781;0.938235;0.378428
1684;0;1;0.968114073136179;0.937646159591349;0.549042315332629
1685;0;1;0.641894889846381;0.626419737856226;0.94691795637309
1686;0;1;0.86453617792457;0.549240032726926;0.946918032211016
1687;1;1;1;0.502280827928407;0.94691807835383
1688;0;1;0.77488827902194;0.539599565471125;0.651735000181276
1689;0;1;0.787396362675073;0.539886909188429;0.651735000048882
1690;1;1;1;0.544770976257002;0.651734997798538
1691;0;1;0.898717930041824;0.542444259608389;0.651734998870578
1692;0;1;0.563852716275167;0.53475152121714;0.651735002415021
1693;0;1;0.398394702292356;0.530950513635647;0.651735004166343
1694;0;1;0.519976525084957;0.587646515688343;0.702693053779369
1695;0;1;0.52121400006225;0.533771997290258;0.651735002866339
1696;0;1;0.765904509348181;0.801878628726384;0.899879999787422
1697;0;1;0.729499998427371;0.801042320145368;0.89987999940209
1698;0;1;0.518047509332518;0.671627845858261;0.782128100732749
1699;0;1;0.86453617792457;0.54165901448294;0.651734999232381
1700;0;1;0.62080360690812;0.798545274514104;0.899879998251568
1701;0;1;0.639805590335179;0.798981800686121;0.899879998452699
1702;0;1;0.878490846470289;0.804465036769203;0.899880000979118
1703;0;1;0.87096552078464;0.804292159994137;0.899880000899464
1704;0;1;0.848472336874792;0.80377543164805;0.89988000066138
1705;1;1;1;0.807256425671254;0.899880002265259
1706;0;1;0.515020116964398;0.803427929760811;0.906793259430234
1707;0;1;0.517814649025723;0.681765616005383;0.791717068256958
1708;0;1;0.51518799993775;0.796119002709746;0.899879997133656
1709;0;1;0.583147133114224;0.79768020501123;0.899879997852985
